Date,Expiration,Strike,CallPut,Bid,Ask,Rate,Spot,Fwd,TTE
2019-12-06,2020-01-17,4000.0,P,0.0,0.25,1.8915000000000002,8397.23242,8410.82353192063,0.11380707
2019-12-06,2020-01-17,4100.0,P,0.0,0.25,1.8915000000000002,8397.23242,8410.82353192063,0.11380707
2019-12-06,2020-01-17,4200.0,P,0.0,0.25,1.8915000000000002,8397.23242,8410.82353192063,0.11380707
2019-12-06,2020-01-17,4300.0,P,0.0,0.25,1.8915000000000002,8397.23242,8410.82353192063,0.11380707
2019-12-06,2020-01-17,4400.0,P,0.0,0.25,1.8915000000000002,8397.23242,8410.82353192063,0.11380707
2019-12-06,2020-01-17,4500.0,P,0.0,0.25,1.8915000000000002,8397.23242,8410.82353192063,0.11380707
2019-12-06,2020-01-17,4600.0,P,0.0,0.25,1.8915000000000002,8397.23242,8410.82353192063,0.11380707
2019-12-06,2020-01-17,4700.0,P,0.0,0.3,1.8915000000000002,8397.23242,8410.82353192063,0.11380707
2019-12-06,2020-01-17,4800.0,P,0.0,0.3,1.8915000000000002,8397.23242,8410.82353192063,0.11380707
2019-12-06,2020-01-17,4900.0,P,0.0,0.3,1.8915000000000002,8397.23242,8410.82353192063,0.11380707
2019-12-06,2020-01-17,5000.0,P,0.0,0.3,1.8915000000000002,8397.23242,8410.82353192063,0.11380707
2019-12-06,2020-01-17,5050.0,P,0.0,0.35,1.8915000000000002,8397.23242,8410.82353192063,0.11380707
2019-12-06,2020-01-17,5100.0,P,0.0,0.35,1.8915000000000002,8397.23242,8410.82353192063,0.11380707
2019-12-06,2020-01-17,5150.0,P,0.0,0.35,1.8915000000000002,8397.23242,8410.82353192063,0.11380707
2019-12-06,2020-01-17,5200.0,P,0.0,0.35,1.8915000000000002,8397.23242,8410.82353192063,0.11380707
2019-12-06,2020-01-17,5250.0,P,0.0,0.4,1.8915000000000002,8397.23242,8410.82353192063,0.11380707
2019-12-06,2020-01-17,5300.0,P,0.0,0.4,1.8915000000000002,8397.23242,8410.82353192063,0.11380707
2019-12-06,2020-01-17,5350.0,P,0.0,0.25,1.8915000000000002,8397.23242,8410.82353192063,0.11380707
2019-12-06,2020-01-17,5400.0,P,0.0,0.25,1.8915000000000002,8397.23242,8410.82353192063,0.11380707
2019-12-06,2020-01-17,5450.0,P,0.05,0.3,1.8915000000000002,8397.23242,8410.82353192063,0.11380707
2019-12-06,2020-01-17,5500.0,P,0.3,0.5,1.8915000000000002,8397.23242,8410.82353192063,0.11380707
2019-12-06,2020-01-17,5550.0,P,0.1,0.35,1.8915000000000002,8397.23242,8410.82353192063,0.11380707
2019-12-06,2020-01-17,5600.0,P,0.1,0.4,1.8915000000000002,8397.23242,8410.82353192063,0.11380707
2019-12-06,2020-01-17,5650.0,P,0.15,0.4,1.8915000000000002,8397.23242,8410.82353192063,0.11380707
2019-12-06,2020-01-17,5700.0,P,0.2,0.45,1.8915000000000002,8397.23242,8410.82353192063,0.11380707
2019-12-06,2020-01-17,5750.0,P,0.25,0.5,1.8915000000000002,8397.23242,8410.82353192063,0.11380707
2019-12-06,2020-01-17,5800.0,P,0.25,0.55,1.8915000000000002,8397.23242,8410.82353192063,0.11380707
2019-12-06,2020-01-17,5850.0,P,0.3,0.6,1.8915000000000002,8397.23242,8410.82353192063,0.11380707
2019-12-06,2020-01-17,5900.0,C,2497.30005,2513.80005,1.8915000000000002,8397.23242,8410.82353192063,0.11380707
2019-12-06,2020-01-17,5900.0,P,0.4,0.7,1.8915000000000002,8397.23242,8410.82353192063,0.11380707
2019-12-06,2020-01-17,5950.0,C,2447.5,2464.0,1.8915000000000002,8397.23242,8410.82353192063,0.11380707
2019-12-06,2020-01-17,5950.0,P,0.45,0.75,1.8915000000000002,8397.23242,8410.82353192063,0.11380707
2019-12-06,2020-01-17,6000.0,C,2397.69995,2414.19995,1.8915000000000002,8397.23242,8410.82353192063,0.11380707
2019-12-06,2020-01-17,6000.0,P,0.5,0.8,1.8915000000000002,8397.23242,8410.82353192063,0.11380707
2019-12-06,2020-01-17,6025.0,C,2372.69995,2389.19995,1.8915000000000002,8397.23242,8410.82353192063,0.11380707
2019-12-06,2020-01-17,6025.0,P,0.55,0.85,1.8915000000000002,8397.23242,8410.82353192063,0.11380707
2019-12-06,2020-01-17,6050.0,C,2347.80005,2364.30005,1.8915000000000002,8397.23242,8410.82353192063,0.11380707
2019-12-06,2020-01-17,6050.0,P,0.6,0.9,1.8915000000000002,8397.23242,8410.82353192063,0.11380707
2019-12-06,2020-01-17,6075.0,C,2322.3999,2339.3999,1.8915000000000002,8397.23242,8410.82353192063,0.11380707
2019-12-06,2020-01-17,6075.0,P,0.65,0.95,1.8915000000000002,8397.23242,8410.82353192063,0.11380707
2019-12-06,2020-01-17,6100.0,P,0.65,1.0,1.8915000000000002,8397.23242,8410.82353192063,0.11380707
2019-12-06,2020-01-17,6125.0,P,0.7,1.05,1.8915000000000002,8397.23242,8410.82353192063,0.11380707
2019-12-06,2020-01-17,6150.0,C,2248.3999,2264.8999,1.8915000000000002,8397.23242,8410.82353192063,0.11380707
2019-12-06,2020-01-17,6150.0,P,0.75,1.1,1.8915000000000002,8397.23242,8410.82353192063,0.11380707
2019-12-06,2020-01-17,6175.0,C,2223.3999,2239.8999,1.8915000000000002,8397.23242,8410.82353192063,0.11380707
2019-12-06,2020-01-17,6175.0,P,0.8,1.15,1.8915000000000002,8397.23242,8410.82353192063,0.11380707
2019-12-06,2020-01-17,6200.0,C,2198.0,2215.0,1.8915000000000002,8397.23242,8410.82353192063,0.11380707
2019-12-06,2020-01-17,6200.0,P,0.9,1.25,1.8915000000000002,8397.23242,8410.82353192063,0.11380707
2019-12-06,2020-01-17,6225.0,C,2173.8999,2190.3999,1.8915000000000002,8397.23242,8410.82353192063,0.11380707
2019-12-06,2020-01-17,6225.0,P,0.95,1.3,1.8915000000000002,8397.23242,8410.82353192063,0.11380707
2019-12-06,2020-01-17,6250.0,C,2148.19995,2165.30005,1.8915000000000002,8397.23242,8410.82353192063,0.11380707
2019-12-06,2020-01-17,6250.0,P,1.0,1.35,1.8915000000000002,8397.23242,8410.82353192063,0.11380707
2019-12-06,2020-01-17,6275.0,C,2123.6001,2140.1001,1.8915000000000002,8397.23242,8410.82353192063,0.11380707
2019-12-06,2020-01-17,6275.0,P,1.05,1.45,1.8915000000000002,8397.23242,8410.82353192063,0.11380707
2019-12-06,2020-01-17,6300.0,C,2098.5,2115.5,1.8915000000000002,8397.23242,8410.82353192063,0.11380707
2019-12-06,2020-01-17,6300.0,P,1.15,1.5,1.8915000000000002,8397.23242,8410.82353192063,0.11380707
2019-12-06,2020-01-17,6325.0,C,2073.6001,2090.69995,1.8915000000000002,8397.23242,8410.82353192063,0.11380707
2019-12-06,2020-01-17,6325.0,P,1.2,1.6,1.8915000000000002,8397.23242,8410.82353192063,0.11380707
2019-12-06,2020-01-17,6350.0,C,2048.8999,2065.30005,1.8915000000000002,8397.23242,8410.82353192063,0.11380707
2019-12-06,2020-01-17,6350.0,P,1.3,1.7,1.8915000000000002,8397.23242,8410.82353192063,0.11380707
2019-12-06,2020-01-17,6375.0,C,2024.59998,2041.09998,1.8915000000000002,8397.23242,8410.82353192063,0.11380707
2019-12-06,2020-01-17,6375.0,P,1.4,1.8,1.8915000000000002,8397.23242,8410.82353192063,0.11380707
2019-12-06,2020-01-17,6400.0,C,1999.09998,2016.09998,1.8915000000000002,8397.23242,8410.82353192063,0.11380707
2019-12-06,2020-01-17,6400.0,P,1.5,1.9,1.8915000000000002,8397.23242,8410.82353192063,0.11380707
2019-12-06,2020-01-17,6425.0,C,1974.80005,1991.30005,1.8915000000000002,8397.23242,8410.82353192063,0.11380707
2019-12-06,2020-01-17,6425.0,P,1.6,2.0,1.8915000000000002,8397.23242,8410.82353192063,0.11380707
2019-12-06,2020-01-17,6450.0,C,1949.40002,1966.5,1.8915000000000002,8397.23242,8410.82353192063,0.11380707
2019-12-06,2020-01-17,6450.0,P,1.7,2.1,1.8915000000000002,8397.23242,8410.82353192063,0.11380707
2019-12-06,2020-01-17,6475.0,C,1925.30005,1941.80005,1.8915000000000002,8397.23242,8410.82353192063,0.11380707
2019-12-06,2020-01-17,6475.0,P,1.8,2.1,1.8915000000000002,8397.23242,8410.82353192063,0.11380707
2019-12-06,2020-01-17,6500.0,C,1899.90002,1916.40002,1.8915000000000002,8397.23242,8410.82353192063,0.11380707
2019-12-06,2020-01-17,6500.0,P,1.95,2.2,1.8915000000000002,8397.23242,8410.82353192063,0.11380707
2019-12-06,2020-01-17,6525.0,C,1875.5,1892.0,1.8915000000000002,8397.23242,8410.82353192063,0.11380707
2019-12-06,2020-01-17,6525.0,P,2.1,2.3,1.8915000000000002,8397.23242,8410.82353192063,0.11380707
2019-12-06,2020-01-17,6550.0,C,1850.90002,1867.40002,1.8915000000000002,8397.23242,8410.82353192063,0.11380707
2019-12-06,2020-01-17,6550.0,P,2.25,2.45,1.8915000000000002,8397.23242,8410.82353192063,0.11380707
2019-12-06,2020-01-17,6575.0,C,1825.90002,1842.40002,1.8915000000000002,8397.23242,8410.82353192063,0.11380707
2019-12-06,2020-01-17,6575.0,P,2.35,2.6,1.8915000000000002,8397.23242,8410.82353192063,0.11380707
2019-12-06,2020-01-17,6600.0,C,1800.69995,1817.19995,1.8915000000000002,8397.23242,8410.82353192063,0.11380707
2019-12-06,2020-01-17,6600.0,P,2.5,2.95,1.8915000000000002,8397.23242,8410.82353192063,0.11380707
2019-12-06,2020-01-17,6625.0,C,1776.30005,1792.80005,1.8915000000000002,8397.23242,8410.82353192063,0.11380707
2019-12-06,2020-01-17,6625.0,P,2.7,3.1,1.8915000000000002,8397.23242,8410.82353192063,0.11380707
2019-12-06,2020-01-17,6650.0,C,1751.19995,1767.59998,1.8915000000000002,8397.23242,8410.82353192063,0.11380707
2019-12-06,2020-01-17,6650.0,P,2.85,3.1,1.8915000000000002,8397.23242,8410.82353192063,0.11380707
2019-12-06,2020-01-17,6675.0,C,1727.0,1743.5,1.8915000000000002,8397.23242,8410.82353192063,0.11380707
2019-12-06,2020-01-17,6675.0,P,3.0,3.4,1.8915000000000002,8397.23242,8410.82353192063,0.11380707
2019-12-06,2020-01-17,6700.0,C,1702.09998,1718.5,1.8915000000000002,8397.23242,8410.82353192063,0.11380707
2019-12-06,2020-01-17,6700.0,P,3.2,3.6,1.8915000000000002,8397.23242,8410.82353192063,0.11380707
2019-12-06,2020-01-17,6725.0,C,1677.09998,1693.5,1.8915000000000002,8397.23242,8410.82353192063,0.11380707
2019-12-06,2020-01-17,6725.0,P,3.4,3.8,1.8915000000000002,8397.23242,8410.82353192063,0.11380707
2019-12-06,2020-01-17,6750.0,C,1652.80005,1669.19995,1.8915000000000002,8397.23242,8410.82353192063,0.11380707
2019-12-06,2020-01-17,6750.0,P,3.6,4.0,1.8915000000000002,8397.23242,8410.82353192063,0.11380707
2019-12-06,2020-01-17,6775.0,C,1627.69995,1643.90002,1.8915000000000002,8397.23242,8410.82353192063,0.11380707
2019-12-06,2020-01-17,6775.0,P,3.8,4.2,1.8915000000000002,8397.23242,8410.82353192063,0.11380707
2019-12-06,2020-01-17,6800.0,C,1603.19995,1619.59998,1.8915000000000002,8397.23242,8410.82353192063,0.11380707
2019-12-06,2020-01-17,6800.0,P,4.0,4.5,1.8915000000000002,8397.23242,8410.82353192063,0.11380707
2019-12-06,2020-01-17,6825.0,C,1578.5,1594.90002,1.8915000000000002,8397.23242,8410.82353192063,0.11380707
2019-12-06,2020-01-17,6825.0,P,4.2,4.7,1.8915000000000002,8397.23242,8410.82353192063,0.11380707
2019-12-06,2020-01-17,6850.0,C,1553.80005,1570.19995,1.8915000000000002,8397.23242,8410.82353192063,0.11380707
2019-12-06,2020-01-17,6850.0,P,4.4,5.0,1.8915000000000002,8397.23242,8410.82353192063,0.11380707
2019-12-06,2020-01-17,6875.0,C,1528.90002,1545.09998,1.8915000000000002,8397.23242,8410.82353192063,0.11380707
2019-12-06,2020-01-17,6875.0,P,4.7,5.2,1.8915000000000002,8397.23242,8410.82353192063,0.11380707
2019-12-06,2020-01-17,6900.0,C,1504.5,1520.90002,1.8915000000000002,8397.23242,8410.82353192063,0.11380707
2019-12-06,2020-01-17,6900.0,P,5.0,5.5,1.8915000000000002,8397.23242,8410.82353192063,0.11380707
2019-12-06,2020-01-17,6925.0,C,1479.69995,1495.80005,1.8915000000000002,8397.23242,8410.82353192063,0.11380707
2019-12-06,2020-01-17,6925.0,P,5.3,5.9,1.8915000000000002,8397.23242,8410.82353192063,0.11380707
2019-12-06,2020-01-17,6950.0,C,1455.19995,1471.59998,1.8915000000000002,8397.23242,8410.82353192063,0.11380707
2019-12-06,2020-01-17,6950.0,P,5.6,6.2,1.8915000000000002,8397.23242,8410.82353192063,0.11380707
2019-12-06,2020-01-17,6975.0,C,1430.80005,1447.19995,1.8915000000000002,8397.23242,8410.82353192063,0.11380707
2019-12-06,2020-01-17,6975.0,P,5.9,6.5,1.8915000000000002,8397.23242,8410.82353192063,0.11380707
2019-12-06,2020-01-17,7000.0,C,1406.0,1422.40002,1.8915000000000002,8397.23242,8410.82353192063,0.11380707
2019-12-06,2020-01-17,7000.0,P,6.3,6.9,1.8915000000000002,8397.23242,8410.82353192063,0.11380707
2019-12-06,2020-01-17,7025.0,C,1385.90002,1393.5,1.8915000000000002,8397.23242,8410.82353192063,0.11380707
2019-12-06,2020-01-17,7025.0,P,6.7,7.3,1.8915000000000002,8397.23242,8410.82353192063,0.11380707
2019-12-06,2020-01-17,7050.0,C,1361.40002,1369.0,1.8915000000000002,8397.23242,8410.82353192063,0.11380707
2019-12-06,2020-01-17,7050.0,P,7.0,7.7,1.8915000000000002,8397.23242,8410.82353192063,0.11380707
2019-12-06,2020-01-17,7075.0,C,1336.90002,1344.5,1.8915000000000002,8397.23242,8410.82353192063,0.11380707
2019-12-06,2020-01-17,7075.0,P,7.5,8.2,1.8915000000000002,8397.23242,8410.82353192063,0.11380707
2019-12-06,2020-01-17,7100.0,C,1312.40002,1320.0,1.8915000000000002,8397.23242,8410.82353192063,0.11380707
2019-12-06,2020-01-17,7100.0,P,7.9,8.6,1.8915000000000002,8397.23242,8410.82353192063,0.11380707
2019-12-06,2020-01-17,7125.0,C,1288.0,1295.5,1.8915000000000002,8397.23242,8410.82353192063,0.11380707
2019-12-06,2020-01-17,7125.0,P,8.4,9.1,1.8915000000000002,8397.23242,8410.82353192063,0.11380707
2019-12-06,2020-01-17,7150.0,C,1263.59998,1271.09998,1.8915000000000002,8397.23242,8410.82353192063,0.11380707
2019-12-06,2020-01-17,7150.0,P,8.9,9.7,1.8915000000000002,8397.23242,8410.82353192063,0.11380707
2019-12-06,2020-01-17,7175.0,C,1239.19995,1246.69995,1.8915000000000002,8397.23242,8410.82353192063,0.11380707
2019-12-06,2020-01-17,7175.0,P,9.5,10.2,1.8915000000000002,8397.23242,8410.82353192063,0.11380707
2019-12-06,2020-01-17,7200.0,C,1214.90002,1222.40002,1.8915000000000002,8397.23242,8410.82353192063,0.11380707
2019-12-06,2020-01-17,7200.0,P,10.1,10.8,1.8915000000000002,8397.23242,8410.82353192063,0.11380707
2019-12-06,2020-01-17,7225.0,C,1190.5,1198.0,1.8915000000000002,8397.23242,8410.82353192063,0.11380707
2019-12-06,2020-01-17,7225.0,P,10.7,11.5,1.8915000000000002,8397.23242,8410.82353192063,0.11380707
2019-12-06,2020-01-17,7250.0,C,1166.30005,1173.69995,1.8915000000000002,8397.23242,8410.82353192063,0.11380707
2019-12-06,2020-01-17,7250.0,P,11.4,12.1,1.8915000000000002,8397.23242,8410.82353192063,0.11380707
2019-12-06,2020-01-17,7275.0,C,1142.0,1149.5,1.8915000000000002,8397.23242,8410.82353192063,0.11380707
2019-12-06,2020-01-17,7275.0,P,12.0,12.8,1.8915000000000002,8397.23242,8410.82353192063,0.11380707
2019-12-06,2020-01-17,7300.0,C,1117.80005,1125.30005,1.8915000000000002,8397.23242,8410.82353192063,0.11380707
2019-12-06,2020-01-17,7300.0,P,12.8,13.6,1.8915000000000002,8397.23242,8410.82353192063,0.11380707
2019-12-06,2020-01-17,7325.0,C,1093.69995,1101.09998,1.8915000000000002,8397.23242,8410.82353192063,0.11380707
2019-12-06,2020-01-17,7325.0,P,13.6,14.4,1.8915000000000002,8397.23242,8410.82353192063,0.11380707
2019-12-06,2020-01-17,7350.0,C,1069.5,1076.90002,1.8915000000000002,8397.23242,8410.82353192063,0.11380707
2019-12-06,2020-01-17,7350.0,P,14.4,15.2,1.8915000000000002,8397.23242,8410.82353192063,0.11380707
2019-12-06,2020-01-17,7375.0,C,1045.5,1052.90002,1.8915000000000002,8397.23242,8410.82353192063,0.11380707
2019-12-06,2020-01-17,7375.0,P,15.3,16.1,1.8915000000000002,8397.23242,8410.82353192063,0.11380707
2019-12-06,2020-01-17,7400.0,C,1021.5,1028.90002,1.8915000000000002,8397.23242,8410.82353192063,0.11380707
2019-12-06,2020-01-17,7400.0,P,16.2,17.1,1.8915000000000002,8397.23242,8410.82353192063,0.11380707
2019-12-06,2020-01-17,7425.0,C,997.59998,1004.90002,1.8915000000000002,8397.23242,8410.82353192063,0.11380707
2019-12-06,2020-01-17,7425.0,P,17.1,18.0,1.8915000000000002,8397.23242,8410.82353192063,0.11380707
2019-12-06,2020-01-17,7450.0,C,973.70001,981.0,1.8915000000000002,8397.23242,8410.82353192063,0.11380707
2019-12-06,2020-01-17,7450.0,P,18.2,19.1,1.8915000000000002,8397.23242,8410.82353192063,0.11380707
2019-12-06,2020-01-17,7475.0,C,949.79999,957.09998,1.8915000000000002,8397.23242,8410.82353192063,0.11380707
2019-12-06,2020-01-17,7475.0,P,19.3,20.2,1.8915000000000002,8397.23242,8410.82353192063,0.11380707
2019-12-06,2020-01-17,7500.0,C,926.09998,933.40002,1.8915000000000002,8397.23242,8410.82353192063,0.11380707
2019-12-06,2020-01-17,7500.0,P,20.5,21.4,1.8915000000000002,8397.23242,8410.82353192063,0.11380707
2019-12-06,2020-01-17,7525.0,C,902.40002,909.59998,1.8915000000000002,8397.23242,8410.82353192063,0.11380707
2019-12-06,2020-01-17,7525.0,P,21.7,22.7,1.8915000000000002,8397.23242,8410.82353192063,0.11380707
2019-12-06,2020-01-17,7550.0,C,878.70001,885.90002,1.8915000000000002,8397.23242,8410.82353192063,0.11380707
2019-12-06,2020-01-17,7550.0,P,22.9,23.9,1.8915000000000002,8397.23242,8410.82353192063,0.11380707
2019-12-06,2020-01-17,7575.0,C,856.20001,860.79999,1.8915000000000002,8397.23242,8410.82353192063,0.11380707
2019-12-06,2020-01-17,7575.0,P,24.3,25.3,1.8915000000000002,8397.23242,8410.82353192063,0.11380707
2019-12-06,2020-01-17,7600.0,C,832.79999,837.40002,1.8915000000000002,8397.23242,8410.82353192063,0.11380707
2019-12-06,2020-01-17,7600.0,P,25.8,26.8,1.8915000000000002,8397.23242,8410.82353192063,0.11380707
2019-12-06,2020-01-17,7625.0,C,809.29999,813.79999,1.8915000000000002,8397.23242,8410.82353192063,0.11380707
2019-12-06,2020-01-17,7625.0,P,27.3,28.3,1.8915000000000002,8397.23242,8410.82353192063,0.11380707
2019-12-06,2020-01-17,7650.0,C,786.0,790.5,1.8915000000000002,8397.23242,8410.82353192063,0.11380707
2019-12-06,2020-01-17,7650.0,P,28.9,29.9,1.8915000000000002,8397.23242,8410.82353192063,0.11380707
2019-12-06,2020-01-17,7675.0,C,762.79999,767.40002,1.8915000000000002,8397.23242,8410.82353192063,0.11380707
2019-12-06,2020-01-17,7675.0,P,30.6,31.7,1.8915000000000002,8397.23242,8410.82353192063,0.11380707
2019-12-06,2020-01-17,7700.0,C,739.0,744.20001,1.8915000000000002,8397.23242,8410.82353192063,0.11380707
2019-12-06,2020-01-17,7700.0,P,32.4,33.6,1.8915000000000002,8397.23242,8410.82353192063,0.11380707
2019-12-06,2020-01-17,7725.0,C,716.5,721.0,1.8915000000000002,8397.23242,8410.82353192063,0.11380707
2019-12-06,2020-01-17,7725.0,P,34.4,35.4,1.8915000000000002,8397.23242,8410.82353192063,0.11380707
2019-12-06,2020-01-17,7750.0,C,693.09998,698.20001,1.8915000000000002,8397.23242,8410.82353192063,0.11380707
2019-12-06,2020-01-17,7750.0,P,36.4,37.5,1.8915000000000002,8397.23242,8410.82353192063,0.11380707
2019-12-06,2020-01-17,7775.0,C,671.0,675.40002,1.8915000000000002,8397.23242,8410.82353192063,0.11380707
2019-12-06,2020-01-17,7775.0,P,38.6,39.7,1.8915000000000002,8397.23242,8410.82353192063,0.11380707
2019-12-06,2020-01-17,7800.0,C,648.29999,652.70001,1.8915000000000002,8397.23242,8410.82353192063,0.11380707
2019-12-06,2020-01-17,7800.0,P,40.8,41.9,1.8915000000000002,8397.23242,8410.82353192063,0.11380707
2019-12-06,2020-01-17,7825.0,C,625.90002,630.20001,1.8915000000000002,8397.23242,8410.82353192063,0.11380707
2019-12-06,2020-01-17,7825.0,P,43.3,44.3,1.8915000000000002,8397.23242,8410.82353192063,0.11380707
2019-12-06,2020-01-17,7850.0,C,603.5,607.90002,1.8915000000000002,8397.23242,8410.82353192063,0.11380707
2019-12-06,2020-01-17,7850.0,P,45.8,47.0,1.8915000000000002,8397.23242,8410.82353192063,0.11380707
2019-12-06,2020-01-17,7875.0,C,581.20001,585.5,1.8915000000000002,8397.23242,8410.82353192063,0.11380707
2019-12-06,2020-01-17,7875.0,P,48.5,49.8,1.8915000000000002,8397.23242,8410.82353192063,0.11380707
2019-12-06,2020-01-17,7900.0,C,559.20001,563.5,1.8915000000000002,8397.23242,8410.82353192063,0.11380707
2019-12-06,2020-01-17,7900.0,P,51.4,52.5,1.8915000000000002,8397.23242,8410.82353192063,0.11380707
2019-12-06,2020-01-17,7925.0,C,537.40002,541.59998,1.8915000000000002,8397.23242,8410.82353192063,0.11380707
2019-12-06,2020-01-17,7925.0,P,54.5,55.7,1.8915000000000002,8397.23242,8410.82353192063,0.11380707
2019-12-06,2020-01-17,7950.0,C,515.70001,519.90002,1.8915000000000002,8397.23242,8410.82353192063,0.11380707
2019-12-06,2020-01-17,7950.0,P,57.7,59.0,1.8915000000000002,8397.23242,8410.82353192063,0.11380707
2019-12-06,2020-01-17,7975.0,C,494.20001,498.39999,1.8915000000000002,8397.23242,8410.82353192063,0.11380707
2019-12-06,2020-01-17,7975.0,P,61.1,62.2,1.8915000000000002,8397.23242,8410.82353192063,0.11380707
2019-12-06,2020-01-17,8000.0,C,472.89999,477.0,1.8915000000000002,8397.23242,8410.82353192063,0.11380707
2019-12-06,2020-01-17,8000.0,P,64.7,65.3,1.8915000000000002,8397.23242,8410.82353192063,0.11380707
2019-12-06,2020-01-17,8025.0,C,451.79999,455.79999,1.8915000000000002,8397.23242,8410.82353192063,0.11380707
2019-12-06,2020-01-17,8025.0,P,68.6,69.9,1.8915000000000002,8397.23242,8410.82353192063,0.11380707
2019-12-06,2020-01-17,8050.0,C,431.0,434.79999,1.8915000000000002,8397.23242,8410.82353192063,0.11380707
2019-12-06,2020-01-17,8050.0,P,72.6,73.7,1.8915000000000002,8397.23242,8410.82353192063,0.11380707
2019-12-06,2020-01-17,8075.0,C,410.39999,414.20001,1.8915000000000002,8397.23242,8410.82353192063,0.11380707
2019-12-06,2020-01-17,8075.0,P,76.9,78.1,1.8915000000000002,8397.23242,8410.82353192063,0.11380707
2019-12-06,2020-01-17,8100.0,C,390.10001,393.79999,1.8915000000000002,8397.23242,8410.82353192063,0.11380707
2019-12-06,2020-01-17,8100.0,P,81.4,82.8,1.8915000000000002,8397.23242,8410.82353192063,0.11380707
2019-12-06,2020-01-17,8125.0,C,370.0,373.60001,1.8915000000000002,8397.23242,8410.82353192063,0.11380707
2019-12-06,2020-01-17,8125.0,P,86.2,87.7,1.8915000000000002,8397.23242,8410.82353192063,0.11380707
2019-12-06,2020-01-17,8150.0,C,350.20001,353.70001,1.8915000000000002,8397.23242,8410.82353192063,0.11380707
2019-12-06,2020-01-17,8150.0,P,91.3,92.7,1.8915000000000002,8397.23242,8410.82353192063,0.11380707
2019-12-06,2020-01-17,8175.0,C,330.70001,334.20001,1.8915000000000002,8397.23242,8410.82353192063,0.11380707
2019-12-06,2020-01-17,8175.0,P,96.7,98.1,1.8915000000000002,8397.23242,8410.82353192063,0.11380707
2019-12-06,2020-01-17,8200.0,C,311.60001,314.89999,1.8915000000000002,8397.23242,8410.82353192063,0.11380707
2019-12-06,2020-01-17,8200.0,P,102.5,103.8,1.8915000000000002,8397.23242,8410.82353192063,0.11380707
2019-12-06,2020-01-17,8225.0,C,292.79999,296.10001,1.8915000000000002,8397.23242,8410.82353192063,0.11380707
2019-12-06,2020-01-17,8225.0,P,108.5,109.8,1.8915000000000002,8397.23242,8410.82353192063,0.11380707
2019-12-06,2020-01-17,8250.0,C,274.29999,277.39999,1.8915000000000002,8397.23242,8410.82353192063,0.11380707
2019-12-06,2020-01-17,8250.0,P,114.9,116.2,1.8915000000000002,8397.23242,8410.82353192063,0.11380707
2019-12-06,2020-01-17,8275.0,C,256.20001,259.29999,1.8915000000000002,8397.23242,8410.82353192063,0.11380707
2019-12-06,2020-01-17,8275.0,P,121.7,123.0,1.8915000000000002,8397.23242,8410.82353192063,0.11380707
2019-12-06,2020-01-17,8300.0,C,238.5,241.5,1.8915000000000002,8397.23242,8410.82353192063,0.11380707
2019-12-06,2020-01-17,8300.0,P,129.0,130.2,1.8915000000000002,8397.23242,8410.82353192063,0.11380707
2019-12-06,2020-01-17,8325.0,C,221.3,224.0,1.8915000000000002,8397.23242,8410.82353192063,0.11380707
2019-12-06,2020-01-17,8325.0,P,136.2,137.8,1.8915000000000002,8397.23242,8410.82353192063,0.11380707
2019-12-06,2020-01-17,8350.0,C,204.5,207.2,1.8915000000000002,8397.23242,8410.82353192063,0.11380707
2019-12-06,2020-01-17,8350.0,P,144.3,145.89999,1.8915000000000002,8397.23242,8410.82353192063,0.11380707
2019-12-06,2020-01-17,8375.0,C,187.8,190.7,1.8915000000000002,8397.23242,8410.82353192063,0.11380707
2019-12-06,2020-01-17,8375.0,P,152.8,154.5,1.8915000000000002,8397.23242,8410.82353192063,0.11380707
2019-12-06,2020-01-17,8400.0,C,172.3,174.8,1.8915000000000002,8397.23242,8410.82353192063,0.11380707
2019-12-06,2020-01-17,8400.0,P,162.0,163.7,1.8915000000000002,8397.23242,8410.82353192063,0.11380707
2019-12-06,2020-01-17,8425.0,C,157.5,159.2,1.8915000000000002,8397.23242,8410.82353192063,0.11380707
2019-12-06,2020-01-17,8425.0,P,170.7,173.8,1.8915000000000002,8397.23242,8410.82353192063,0.11380707
2019-12-06,2020-01-17,8450.0,C,142.89999,144.7,1.8915000000000002,8397.23242,8410.82353192063,0.11380707
2019-12-06,2020-01-17,8450.0,P,180.89999,184.0,1.8915000000000002,8397.23242,8410.82353192063,0.11380707
2019-12-06,2020-01-17,8475.0,C,129.0,130.60001,1.8915000000000002,8397.23242,8410.82353192063,0.11380707
2019-12-06,2020-01-17,8475.0,P,191.8,195.2,1.8915000000000002,8397.23242,8410.82353192063,0.11380707
2019-12-06,2020-01-17,8500.0,C,115.9,117.3,1.8915000000000002,8397.23242,8410.82353192063,0.11380707
2019-12-06,2020-01-17,8500.0,P,203.3,206.8,1.8915000000000002,8397.23242,8410.82353192063,0.11380707
2019-12-06,2020-01-17,8525.0,C,103.4,104.7,1.8915000000000002,8397.23242,8410.82353192063,0.11380707
2019-12-06,2020-01-17,8525.0,P,215.60001,219.3,1.8915000000000002,8397.23242,8410.82353192063,0.11380707
2019-12-06,2020-01-17,8550.0,C,91.6,92.9,1.8915000000000002,8397.23242,8410.82353192063,0.11380707
2019-12-06,2020-01-17,8550.0,P,228.7,232.8,1.8915000000000002,8397.23242,8410.82353192063,0.11380707
2019-12-06,2020-01-17,8575.0,C,80.4,81.9,1.8915000000000002,8397.23242,8410.82353192063,0.11380707
2019-12-06,2020-01-17,8575.0,P,242.5,246.5,1.8915000000000002,8397.23242,8410.82353192063,0.11380707
2019-12-06,2020-01-17,8600.0,C,70.5,71.7,1.8915000000000002,8397.23242,8410.82353192063,0.11380707
2019-12-06,2020-01-17,8600.0,P,257.29999,261.39999,1.8915000000000002,8397.23242,8410.82353192063,0.11380707
2019-12-06,2020-01-17,8625.0,C,61.0,62.3,1.8915000000000002,8397.23242,8410.82353192063,0.11380707
2019-12-06,2020-01-17,8625.0,P,272.89999,277.0,1.8915000000000002,8397.23242,8410.82353192063,0.11380707
2019-12-06,2020-01-17,8650.0,C,52.5,53.8,1.8915000000000002,8397.23242,8410.82353192063,0.11380707
2019-12-06,2020-01-17,8650.0,P,289.29999,293.39999,1.8915000000000002,8397.23242,8410.82353192063,0.11380707
2019-12-06,2020-01-17,8675.0,C,44.8,46.0,1.8915000000000002,8397.23242,8410.82353192063,0.11380707
2019-12-06,2020-01-17,8675.0,P,306.5,310.70001,1.8915000000000002,8397.23242,8410.82353192063,0.11380707
2019-12-06,2020-01-17,8700.0,C,37.9,39.1,1.8915000000000002,8397.23242,8410.82353192063,0.11380707
2019-12-06,2020-01-17,8700.0,P,324.39999,328.79999,1.8915000000000002,8397.23242,8410.82353192063,0.11380707
2019-12-06,2020-01-17,8725.0,C,31.8,33.0,1.8915000000000002,8397.23242,8410.82353192063,0.11380707
2019-12-06,2020-01-17,8725.0,P,343.20001,347.70001,1.8915000000000002,8397.23242,8410.82353192063,0.11380707
2019-12-06,2020-01-17,8750.0,C,26.5,27.7,1.8915000000000002,8397.23242,8410.82353192063,0.11380707
2019-12-06,2020-01-17,8750.0,P,362.89999,367.39999,1.8915000000000002,8397.23242,8410.82353192063,0.11380707
2019-12-06,2020-01-17,8775.0,C,21.9,22.9,1.8915000000000002,8397.23242,8410.82353192063,0.11380707
2019-12-06,2020-01-17,8775.0,P,383.5,387.79999,1.8915000000000002,8397.23242,8410.82353192063,0.11380707
2019-12-06,2020-01-17,8800.0,C,18.0,19.0,1.8915000000000002,8397.23242,8410.82353192063,0.11380707
2019-12-06,2020-01-17,8800.0,P,403.79999,409.60001,1.8915000000000002,8397.23242,8410.82353192063,0.11380707
2019-12-06,2020-01-17,8825.0,C,14.8,15.7,1.8915000000000002,8397.23242,8410.82353192063,0.11380707
2019-12-06,2020-01-17,8825.0,P,425.29999,431.20001,1.8915000000000002,8397.23242,8410.82353192063,0.11380707
2019-12-06,2020-01-17,8850.0,C,12.0,12.9,1.8915000000000002,8397.23242,8410.82353192063,0.11380707
2019-12-06,2020-01-17,8875.0,C,9.7,10.6,1.8915000000000002,8397.23242,8410.82353192063,0.11380707
2019-12-06,2020-01-17,8900.0,C,7.8,8.8,1.8915000000000002,8397.23242,8410.82353192063,0.11380707
2019-12-06,2020-01-17,8925.0,C,6.3,7.2,1.8915000000000002,8397.23242,8410.82353192063,0.11380707
2019-12-06,2020-01-17,8950.0,C,5.1,5.9,1.8915000000000002,8397.23242,8410.82353192063,0.11380707
2019-12-06,2020-01-17,8975.0,C,4.2,4.8,1.8915000000000002,8397.23242,8410.82353192063,0.11380707
2019-12-06,2020-01-17,9000.0,C,3.4,4.0,1.8915000000000002,8397.23242,8410.82353192063,0.11380707
2019-12-06,2020-01-17,9025.0,C,2.8,3.4,1.8915000000000002,8397.23242,8410.82353192063,0.11380707
2019-12-06,2020-01-17,9050.0,C,2.3,2.75,1.8915000000000002,8397.23242,8410.82353192063,0.11380707
2019-12-06,2020-01-17,9075.0,C,1.9,2.3,1.8915000000000002,8397.23242,8410.82353192063,0.11380707
2019-12-06,2020-01-17,9100.0,C,1.55,1.95,1.8915000000000002,8397.23242,8410.82353192063,0.11380707
2019-12-06,2020-01-17,9125.0,C,1.25,1.7,1.8915000000000002,8397.23242,8410.82353192063,0.11380707
2019-12-06,2020-01-17,9150.0,C,1.05,1.45,1.8915000000000002,8397.23242,8410.82353192063,0.11380707
2019-12-06,2020-01-17,9175.0,C,0.85,1.3,1.8915000000000002,8397.23242,8410.82353192063,0.11380707
2019-12-06,2020-01-17,9200.0,C,0.7,1.15,1.8915000000000002,8397.23242,8410.82353192063,0.11380707
2019-12-06,2020-01-17,9225.0,C,0.55,1.05,1.8915000000000002,8397.23242,8410.82353192063,0.11380707
2019-12-06,2020-01-17,9250.0,C,0.45,0.95,1.8915000000000002,8397.23242,8410.82353192063,0.11380707
2019-12-06,2020-01-17,9275.0,C,0.35,0.85,1.8915000000000002,8397.23242,8410.82353192063,0.11380707
2019-12-06,2020-01-17,9300.0,C,0.3,0.5,1.8915000000000002,8397.23242,8410.82353192063,0.11380707
2019-12-06,2020-01-17,9325.0,C,0.2,0.75,1.8915000000000002,8397.23242,8410.82353192063,0.11380707
2019-12-06,2020-01-17,9350.0,C,0.15,0.7,1.8915000000000002,8397.23242,8410.82353192063,0.11380707
2019-12-06,2020-01-17,9375.0,C,0.15,0.6,1.8915000000000002,8397.23242,8410.82353192063,0.11380707
2019-12-06,2020-01-17,9400.0,C,0.1,0.55,1.8915000000000002,8397.23242,8410.82353192063,0.11380707
2019-12-06,2020-01-17,9425.0,C,0.05,0.5,1.8915000000000002,8397.23242,8410.82353192063,0.11380707
2019-12-06,2020-01-17,9450.0,C,0.05,0.5,1.8915000000000002,8397.23242,8410.82353192063,0.11380707
2019-12-06,2020-01-17,9475.0,C,0.0,0.45,1.8915000000000002,8397.23242,8410.82353192063,0.11380707
2019-12-06,2020-01-17,9500.0,C,0.0,0.45,1.8915000000000002,8397.23242,8410.82353192063,0.11380707
2019-12-06,2020-01-17,9600.0,C,0.0,0.35,1.8915000000000002,8397.23242,8410.82353192063,0.11380707
2019-12-06,2020-01-17,9800.0,C,0.05,0.3,1.8915000000000002,8397.23242,8410.82353192063,0.11380707
2019-12-06,2020-01-17,9900.0,C,0.0,0.3,1.8915000000000002,8397.23242,8410.82353192063,0.11380707
2019-12-06,2020-01-17,10000.0,C,0.0,0.25,1.8915000000000002,8397.23242,8410.82353192063,0.11380707
2019-12-06,2020-01-17,10100.0,C,0.0,0.25,1.8915000000000002,8397.23242,8410.82353192063,0.11380707
2019-12-06,2020-01-17,10200.0,C,0.0,0.25,1.8915000000000002,8397.23242,8410.82353192063,0.11380707
2019-12-09,2020-01-17,4000.0,P,0.0,0.25,1.8905,8379.51563,8393.97116249158,0.10558789
2019-12-09,2020-01-17,4100.0,P,0.0,0.25,1.8905,8379.51563,8393.97116249158,0.10558789
2019-12-09,2020-01-17,4200.0,P,0.0,0.25,1.8905,8379.51563,8393.97116249158,0.10558789
2019-12-09,2020-01-17,4300.0,P,0.0,0.25,1.8905,8379.51563,8393.97116249158,0.10558789
2019-12-09,2020-01-17,4400.0,P,0.0,0.3,1.8905,8379.51563,8393.97116249158,0.10558789
2019-12-09,2020-01-17,4500.0,P,0.05,0.3,1.8905,8379.51563,8393.97116249158,0.10558789
2019-12-09,2020-01-17,4600.0,P,0.0,0.3,1.8905,8379.51563,8393.97116249158,0.10558789
2019-12-09,2020-01-17,4700.0,P,0.0,0.3,1.8905,8379.51563,8393.97116249158,0.10558789
2019-12-09,2020-01-17,4800.0,P,0.0,0.35,1.8905,8379.51563,8393.97116249158,0.10558789
2019-12-09,2020-01-17,4900.0,P,0.0,0.35,1.8905,8379.51563,8393.97116249158,0.10558789
2019-12-09,2020-01-17,5000.0,P,0.0,0.4,1.8905,8379.51563,8393.97116249158,0.10558789
2019-12-09,2020-01-17,5050.0,P,0.0,0.4,1.8905,8379.51563,8393.97116249158,0.10558789
2019-12-09,2020-01-17,5100.0,P,0.05,0.4,1.8905,8379.51563,8393.97116249158,0.10558789
2019-12-09,2020-01-17,5150.0,P,0.05,0.4,1.8905,8379.51563,8393.97116249158,0.10558789
2019-12-09,2020-01-17,5200.0,P,0.05,0.45,1.8905,8379.51563,8393.97116249158,0.10558789
2019-12-09,2020-01-17,5250.0,P,0.1,0.45,1.8905,8379.51563,8393.97116249158,0.10558789
2019-12-09,2020-01-17,5300.0,P,0.1,0.5,1.8905,8379.51563,8393.97116249158,0.10558789
2019-12-09,2020-01-17,5350.0,P,0.15,0.5,1.8905,8379.51563,8393.97116249158,0.10558789
2019-12-09,2020-01-17,5400.0,P,0.2,0.55,1.8905,8379.51563,8393.97116249158,0.10558789
2019-12-09,2020-01-17,5450.0,P,0.2,0.6,1.8905,8379.51563,8393.97116249158,0.10558789
2019-12-09,2020-01-17,5500.0,P,0.25,0.6,1.8905,8379.51563,8393.97116249158,0.10558789
2019-12-09,2020-01-17,5550.0,P,0.3,0.65,1.8905,8379.51563,8393.97116249158,0.10558789
2019-12-09,2020-01-17,5600.0,P,0.35,0.7,1.8905,8379.51563,8393.97116249158,0.10558789
2019-12-09,2020-01-17,5650.0,P,0.4,0.75,1.8905,8379.51563,8393.97116249158,0.10558789
2019-12-09,2020-01-17,5700.0,P,0.45,0.8,1.8905,8379.51563,8393.97116249158,0.10558789
2019-12-09,2020-01-17,5750.0,P,0.5,0.85,1.8905,8379.51563,8393.97116249158,0.10558789
2019-12-09,2020-01-17,5800.0,C,2580.69995,2597.19995,1.8905,8379.51563,8393.97116249158,0.10558789
2019-12-09,2020-01-17,5800.0,P,0.55,0.95,1.8905,8379.51563,8393.97116249158,0.10558789
2019-12-09,2020-01-17,5850.0,C,2530.80005,2547.30005,1.8905,8379.51563,8393.97116249158,0.10558789
2019-12-09,2020-01-17,5850.0,P,0.6,1.0,1.8905,8379.51563,8393.97116249158,0.10558789
2019-12-09,2020-01-17,5900.0,C,2480.80005,2497.30005,1.8905,8379.51563,8393.97116249158,0.10558789
2019-12-09,2020-01-17,5900.0,P,0.7,1.1,1.8905,8379.51563,8393.97116249158,0.10558789
2019-12-09,2020-01-17,5950.0,C,2431.0,2447.5,1.8905,8379.51563,8393.97116249158,0.10558789
2019-12-09,2020-01-17,5950.0,P,0.8,1.2,1.8905,8379.51563,8393.97116249158,0.10558789
2019-12-09,2020-01-17,6000.0,C,2381.19995,2397.69995,1.8905,8379.51563,8393.97116249158,0.10558789
2019-12-09,2020-01-17,6000.0,P,0.85,1.3,1.8905,8379.51563,8393.97116249158,0.10558789
2019-12-09,2020-01-17,6025.0,C,2356.5,2373.0,1.8905,8379.51563,8393.97116249158,0.10558789
2019-12-09,2020-01-17,6025.0,P,0.9,1.35,1.8905,8379.51563,8393.97116249158,0.10558789
2019-12-09,2020-01-17,6050.0,C,2331.3999,2347.8999,1.8905,8379.51563,8393.97116249158,0.10558789
2019-12-09,2020-01-17,6050.0,P,0.95,1.4,1.8905,8379.51563,8393.97116249158,0.10558789
2019-12-09,2020-01-17,6075.0,C,2306.6001,2323.1001,1.8905,8379.51563,8393.97116249158,0.10558789
2019-12-09,2020-01-17,6075.0,P,1.0,1.45,1.8905,8379.51563,8393.97116249158,0.10558789
2019-12-09,2020-01-17,6100.0,C,2281.69995,2298.19995,1.8905,8379.51563,8393.97116249158,0.10558789
2019-12-09,2020-01-17,6100.0,P,1.1,1.5,1.8905,8379.51563,8393.97116249158,0.10558789
2019-12-09,2020-01-17,6125.0,C,2256.80005,2273.30005,1.8905,8379.51563,8393.97116249158,0.10558789
2019-12-09,2020-01-17,6125.0,P,1.15,1.6,1.8905,8379.51563,8393.97116249158,0.10558789
2019-12-09,2020-01-17,6150.0,C,2231.69995,2248.19995,1.8905,8379.51563,8393.97116249158,0.10558789
2019-12-09,2020-01-17,6150.0,P,1.2,1.65,1.8905,8379.51563,8393.97116249158,0.10558789
2019-12-09,2020-01-17,6175.0,C,2207.0,2223.5,1.8905,8379.51563,8393.97116249158,0.10558789
2019-12-09,2020-01-17,6175.0,P,1.25,1.75,1.8905,8379.51563,8393.97116249158,0.10558789
2019-12-09,2020-01-17,6200.0,C,2181.8999,2198.3999,1.8905,8379.51563,8393.97116249158,0.10558789
2019-12-09,2020-01-17,6200.0,P,1.35,1.8,1.8905,8379.51563,8393.97116249158,0.10558789
2019-12-09,2020-01-17,6225.0,C,2157.30005,2173.80005,1.8905,8379.51563,8393.97116249158,0.10558789
2019-12-09,2020-01-17,6225.0,P,1.4,1.9,1.8905,8379.51563,8393.97116249158,0.10558789
2019-12-09,2020-01-17,6250.0,C,2132.6001,2149.1001,1.8905,8379.51563,8393.97116249158,0.10558789
2019-12-09,2020-01-17,6250.0,P,1.5,1.95,1.8905,8379.51563,8393.97116249158,0.10558789
2019-12-09,2020-01-17,6275.0,C,2107.6001,2124.1001,1.8905,8379.51563,8393.97116249158,0.10558789
2019-12-09,2020-01-17,6275.0,P,1.55,2.05,1.8905,8379.51563,8393.97116249158,0.10558789
2019-12-09,2020-01-17,6300.0,C,2083.0,2099.3999,1.8905,8379.51563,8393.97116249158,0.10558789
2019-12-09,2020-01-17,6300.0,P,1.65,2.15,1.8905,8379.51563,8393.97116249158,0.10558789
2019-12-09,2020-01-17,6325.0,C,2057.6001,2074.1001,1.8905,8379.51563,8393.97116249158,0.10558789
2019-12-09,2020-01-17,6325.0,P,1.75,2.25,1.8905,8379.51563,8393.97116249158,0.10558789
2019-12-09,2020-01-17,6350.0,C,2033.0,2049.5,1.8905,8379.51563,8393.97116249158,0.10558789
2019-12-09,2020-01-17,6350.0,P,1.85,2.35,1.8905,8379.51563,8393.97116249158,0.10558789
2019-12-09,2020-01-17,6375.0,C,2008.19995,2024.69995,1.8905,8379.51563,8393.97116249158,0.10558789
2019-12-09,2020-01-17,6375.0,P,1.95,2.45,1.8905,8379.51563,8393.97116249158,0.10558789
2019-12-09,2020-01-17,6400.0,C,1983.09998,1999.59998,1.8905,8379.51563,8393.97116249158,0.10558789
2019-12-09,2020-01-17,6400.0,P,2.05,2.55,1.8905,8379.51563,8393.97116249158,0.10558789
2019-12-09,2020-01-17,6425.0,C,1958.5,1975.0,1.8905,8379.51563,8393.97116249158,0.10558789
2019-12-09,2020-01-17,6425.0,P,2.15,2.7,1.8905,8379.51563,8393.97116249158,0.10558789
2019-12-09,2020-01-17,6450.0,C,1933.69995,1950.09998,1.8905,8379.51563,8393.97116249158,0.10558789
2019-12-09,2020-01-17,6450.0,P,2.25,2.8,1.8905,8379.51563,8393.97116249158,0.10558789
2019-12-09,2020-01-17,6475.0,C,1908.59998,1925.09998,1.8905,8379.51563,8393.97116249158,0.10558789
2019-12-09,2020-01-17,6475.0,P,2.35,2.95,1.8905,8379.51563,8393.97116249158,0.10558789
2019-12-09,2020-01-17,6500.0,C,1884.09998,1900.59998,1.8905,8379.51563,8393.97116249158,0.10558789
2019-12-09,2020-01-17,6500.0,P,2.5,3.1,1.8905,8379.51563,8393.97116249158,0.10558789
2019-12-09,2020-01-17,6525.0,C,1859.09998,1875.5,1.8905,8379.51563,8393.97116249158,0.10558789
2019-12-09,2020-01-17,6525.0,P,2.65,3.2,1.8905,8379.51563,8393.97116249158,0.10558789
2019-12-09,2020-01-17,6550.0,C,1834.59998,1851.0,1.8905,8379.51563,8393.97116249158,0.10558789
2019-12-09,2020-01-17,6550.0,P,2.8,3.4,1.8905,8379.51563,8393.97116249158,0.10558789
2019-12-09,2020-01-17,6575.0,C,1809.80005,1826.19995,1.8905,8379.51563,8393.97116249158,0.10558789
2019-12-09,2020-01-17,6575.0,P,2.95,3.5,1.8905,8379.51563,8393.97116249158,0.10558789
2019-12-09,2020-01-17,6600.0,C,1785.0,1801.5,1.8905,8379.51563,8393.97116249158,0.10558789
2019-12-09,2020-01-17,6600.0,P,3.1,3.7,1.8905,8379.51563,8393.97116249158,0.10558789
2019-12-09,2020-01-17,6625.0,C,1760.40002,1776.80005,1.8905,8379.51563,8393.97116249158,0.10558789
2019-12-09,2020-01-17,6625.0,P,3.3,3.8,1.8905,8379.51563,8393.97116249158,0.10558789
2019-12-09,2020-01-17,6650.0,C,1735.69995,1752.09998,1.8905,8379.51563,8393.97116249158,0.10558789
2019-12-09,2020-01-17,6650.0,P,3.4,4.0,1.8905,8379.51563,8393.97116249158,0.10558789
2019-12-09,2020-01-17,6675.0,C,1710.69995,1727.19995,1.8905,8379.51563,8393.97116249158,0.10558789
2019-12-09,2020-01-17,6675.0,P,3.6,4.2,1.8905,8379.51563,8393.97116249158,0.10558789
2019-12-09,2020-01-17,6700.0,C,1686.0,1702.40002,1.8905,8379.51563,8393.97116249158,0.10558789
2019-12-09,2020-01-17,6700.0,P,3.8,4.4,1.8905,8379.51563,8393.97116249158,0.10558789
2019-12-09,2020-01-17,6725.0,C,1661.0,1677.40002,1.8905,8379.51563,8393.97116249158,0.10558789
2019-12-09,2020-01-17,6725.0,P,4.1,4.6,1.8905,8379.51563,8393.97116249158,0.10558789
2019-12-09,2020-01-17,6750.0,C,1636.5,1653.0,1.8905,8379.51563,8393.97116249158,0.10558789
2019-12-09,2020-01-17,6750.0,P,4.3,4.9,1.8905,8379.51563,8393.97116249158,0.10558789
2019-12-09,2020-01-17,6775.0,C,1611.80005,1628.19995,1.8905,8379.51563,8393.97116249158,0.10558789
2019-12-09,2020-01-17,6775.0,P,4.5,5.1,1.8905,8379.51563,8393.97116249158,0.10558789
2019-12-09,2020-01-17,6800.0,C,1587.09998,1603.5,1.8905,8379.51563,8393.97116249158,0.10558789
2019-12-09,2020-01-17,6800.0,P,4.8,5.3,1.8905,8379.51563,8393.97116249158,0.10558789
2019-12-09,2020-01-17,6825.0,C,1562.40002,1578.80005,1.8905,8379.51563,8393.97116249158,0.10558789
2019-12-09,2020-01-17,6825.0,P,5.0,5.6,1.8905,8379.51563,8393.97116249158,0.10558789
2019-12-09,2020-01-17,6850.0,C,1537.69995,1554.09998,1.8905,8379.51563,8393.97116249158,0.10558789
2019-12-09,2020-01-17,6850.0,P,5.3,5.9,1.8905,8379.51563,8393.97116249158,0.10558789
2019-12-09,2020-01-17,6875.0,C,1513.09998,1529.5,1.8905,8379.51563,8393.97116249158,0.10558789
2019-12-09,2020-01-17,6875.0,P,5.6,6.1,1.8905,8379.51563,8393.97116249158,0.10558789
2019-12-09,2020-01-17,6900.0,C,1488.5,1504.90002,1.8905,8379.51563,8393.97116249158,0.10558789
2019-12-09,2020-01-17,6900.0,P,5.9,6.5,1.8905,8379.51563,8393.97116249158,0.10558789
2019-12-09,2020-01-17,6925.0,C,1463.59998,1480.0,1.8905,8379.51563,8393.97116249158,0.10558789
2019-12-09,2020-01-17,6925.0,P,6.2,6.8,1.8905,8379.51563,8393.97116249158,0.10558789
2019-12-09,2020-01-17,6950.0,C,1439.0,1455.40002,1.8905,8379.51563,8393.97116249158,0.10558789
2019-12-09,2020-01-17,6950.0,P,6.6,7.1,1.8905,8379.51563,8393.97116249158,0.10558789
2019-12-09,2020-01-17,6975.0,C,1414.69995,1431.0,1.8905,8379.51563,8393.97116249158,0.10558789
2019-12-09,2020-01-17,6975.0,P,7.0,7.5,1.8905,8379.51563,8393.97116249158,0.10558789
2019-12-09,2020-01-17,7000.0,C,1389.90002,1406.19995,1.8905,8379.51563,8393.97116249158,0.10558789
2019-12-09,2020-01-17,7000.0,P,7.4,7.9,1.8905,8379.51563,8393.97116249158,0.10558789
2019-12-09,2020-01-17,7025.0,C,1365.59998,1381.90002,1.8905,8379.51563,8393.97116249158,0.10558789
2019-12-09,2020-01-17,7025.0,P,7.8,8.3,1.8905,8379.51563,8393.97116249158,0.10558789
2019-12-09,2020-01-17,7050.0,C,1341.30005,1357.59998,1.8905,8379.51563,8393.97116249158,0.10558789
2019-12-09,2020-01-17,7050.0,P,8.2,8.7,1.8905,8379.51563,8393.97116249158,0.10558789
2019-12-09,2020-01-17,7075.0,C,1316.5,1332.80005,1.8905,8379.51563,8393.97116249158,0.10558789
2019-12-09,2020-01-17,7075.0,P,8.6,9.2,1.8905,8379.51563,8393.97116249158,0.10558789
2019-12-09,2020-01-17,7100.0,C,1292.09998,1308.40002,1.8905,8379.51563,8393.97116249158,0.10558789
2019-12-09,2020-01-17,7100.0,P,9.1,9.6,1.8905,8379.51563,8393.97116249158,0.10558789
2019-12-09,2020-01-17,7125.0,C,1267.90002,1284.19995,1.8905,8379.51563,8393.97116249158,0.10558789
2019-12-09,2020-01-17,7125.0,P,9.6,10.1,1.8905,8379.51563,8393.97116249158,0.10558789
2019-12-09,2020-01-17,7150.0,C,1243.19995,1259.5,1.8905,8379.51563,8393.97116249158,0.10558789
2019-12-09,2020-01-17,7150.0,P,10.2,10.7,1.8905,8379.51563,8393.97116249158,0.10558789
2019-12-09,2020-01-17,7175.0,C,1224.30005,1229.40002,1.8905,8379.51563,8393.97116249158,0.10558789
2019-12-09,2020-01-17,7175.0,P,10.7,11.3,1.8905,8379.51563,8393.97116249158,0.10558789
2019-12-09,2020-01-17,7200.0,C,1200.0,1205.09998,1.8905,8379.51563,8393.97116249158,0.10558789
2019-12-09,2020-01-17,7200.0,P,11.3,11.9,1.8905,8379.51563,8393.97116249158,0.10558789
2019-12-09,2020-01-17,7225.0,C,1175.69995,1180.80005,1.8905,8379.51563,8393.97116249158,0.10558789
2019-12-09,2020-01-17,7225.0,P,12.0,12.5,1.8905,8379.51563,8393.97116249158,0.10558789
2019-12-09,2020-01-17,7250.0,C,1151.40002,1156.59998,1.8905,8379.51563,8393.97116249158,0.10558789
2019-12-09,2020-01-17,7250.0,P,12.6,13.2,1.8905,8379.51563,8393.97116249158,0.10558789
2019-12-09,2020-01-17,7275.0,C,1127.19995,1132.30005,1.8905,8379.51563,8393.97116249158,0.10558789
2019-12-09,2020-01-17,7275.0,P,13.3,13.9,1.8905,8379.51563,8393.97116249158,0.10558789
2019-12-09,2020-01-17,7300.0,C,1103.09998,1108.19995,1.8905,8379.51563,8393.97116249158,0.10558789
2019-12-09,2020-01-17,7300.0,P,14.1,14.7,1.8905,8379.51563,8393.97116249158,0.10558789
2019-12-09,2020-01-17,7325.0,C,1078.90002,1084.0,1.8905,8379.51563,8393.97116249158,0.10558789
2019-12-09,2020-01-17,7325.0,P,14.9,15.5,1.8905,8379.51563,8393.97116249158,0.10558789
2019-12-09,2020-01-17,7350.0,C,1054.90002,1060.0,1.8905,8379.51563,8393.97116249158,0.10558789
2019-12-09,2020-01-17,7350.0,P,15.7,16.4,1.8905,8379.51563,8393.97116249158,0.10558789
2019-12-09,2020-01-17,7375.0,C,1030.90002,1035.90002,1.8905,8379.51563,8393.97116249158,0.10558789
2019-12-09,2020-01-17,7375.0,P,16.6,17.3,1.8905,8379.51563,8393.97116249158,0.10558789
2019-12-09,2020-01-17,7400.0,C,1006.90002,1012.0,1.8905,8379.51563,8393.97116249158,0.10558789
2019-12-09,2020-01-17,7400.0,P,17.6,18.3,1.8905,8379.51563,8393.97116249158,0.10558789
2019-12-09,2020-01-17,7425.0,C,983.0,988.09998,1.8905,8379.51563,8393.97116249158,0.10558789
2019-12-09,2020-01-17,7425.0,P,18.5,19.3,1.8905,8379.51563,8393.97116249158,0.10558789
2019-12-09,2020-01-17,7450.0,C,959.20001,964.20001,1.8905,8379.51563,8393.97116249158,0.10558789
2019-12-09,2020-01-17,7450.0,P,19.6,20.4,1.8905,8379.51563,8393.97116249158,0.10558789
2019-12-09,2020-01-17,7475.0,C,935.40002,940.5,1.8905,8379.51563,8393.97116249158,0.10558789
2019-12-09,2020-01-17,7475.0,P,20.7,21.6,1.8905,8379.51563,8393.97116249158,0.10558789
2019-12-09,2020-01-17,7500.0,C,911.70001,916.70001,1.8905,8379.51563,8393.97116249158,0.10558789
2019-12-09,2020-01-17,7500.0,P,22.0,22.9,1.8905,8379.51563,8393.97116249158,0.10558789
2019-12-09,2020-01-17,7525.0,C,888.0,893.09998,1.8905,8379.51563,8393.97116249158,0.10558789
2019-12-09,2020-01-17,7525.0,P,23.2,24.1,1.8905,8379.51563,8393.97116249158,0.10558789
2019-12-09,2020-01-17,7550.0,C,864.40002,869.20001,1.8905,8379.51563,8393.97116249158,0.10558789
2019-12-09,2020-01-17,7550.0,P,24.5,25.5,1.8905,8379.51563,8393.97116249158,0.10558789
2019-12-09,2020-01-17,7575.0,C,840.90002,845.70001,1.8905,8379.51563,8393.97116249158,0.10558789
2019-12-09,2020-01-17,7575.0,P,25.9,26.9,1.8905,8379.51563,8393.97116249158,0.10558789
2019-12-09,2020-01-17,7600.0,C,817.5,822.0,1.8905,8379.51563,8393.97116249158,0.10558789
2019-12-09,2020-01-17,7600.0,P,27.4,28.4,1.8905,8379.51563,8393.97116249158,0.10558789
2019-12-09,2020-01-17,7625.0,C,794.20001,798.59998,1.8905,8379.51563,8393.97116249158,0.10558789
2019-12-09,2020-01-17,7625.0,P,29.0,30.0,1.8905,8379.51563,8393.97116249158,0.10558789
2019-12-09,2020-01-17,7650.0,C,771.0,775.59998,1.8905,8379.51563,8393.97116249158,0.10558789
2019-12-09,2020-01-17,7650.0,P,30.7,31.8,1.8905,8379.51563,8393.97116249158,0.10558789
2019-12-09,2020-01-17,7675.0,C,747.79999,752.59998,1.8905,8379.51563,8393.97116249158,0.10558789
2019-12-09,2020-01-17,7675.0,P,32.5,33.5,1.8905,8379.51563,8393.97116249158,0.10558789
2019-12-09,2020-01-17,7700.0,C,724.70001,729.40002,1.8905,8379.51563,8393.97116249158,0.10558789
2019-12-09,2020-01-17,7700.0,P,34.4,35.5,1.8905,8379.51563,8393.97116249158,0.10558789
2019-12-09,2020-01-17,7725.0,C,701.90002,706.5,1.8905,8379.51563,8393.97116249158,0.10558789
2019-12-09,2020-01-17,7725.0,P,36.4,37.5,1.8905,8379.51563,8393.97116249158,0.10558789
2019-12-09,2020-01-17,7750.0,C,679.0,683.59998,1.8905,8379.51563,8393.97116249158,0.10558789
2019-12-09,2020-01-17,7750.0,P,38.6,39.6,1.8905,8379.51563,8393.97116249158,0.10558789
2019-12-09,2020-01-17,7775.0,C,656.40002,660.90002,1.8905,8379.51563,8393.97116249158,0.10558789
2019-12-09,2020-01-17,7775.0,P,40.8,41.9,1.8905,8379.51563,8393.97116249158,0.10558789
2019-12-09,2020-01-17,7800.0,C,633.79999,638.09998,1.8905,8379.51563,8393.97116249158,0.10558789
2019-12-09,2020-01-17,7800.0,P,43.1,44.3,1.8905,8379.51563,8393.97116249158,0.10558789
2019-12-09,2020-01-17,7825.0,C,611.40002,615.79999,1.8905,8379.51563,8393.97116249158,0.10558789
2019-12-09,2020-01-17,7825.0,P,45.7,46.9,1.8905,8379.51563,8393.97116249158,0.10558789
2019-12-09,2020-01-17,7850.0,C,589.20001,593.59998,1.8905,8379.51563,8393.97116249158,0.10558789
2019-12-09,2020-01-17,7850.0,P,48.3,49.6,1.8905,8379.51563,8393.97116249158,0.10558789
2019-12-09,2020-01-17,7875.0,C,567.09998,571.40002,1.8905,8379.51563,8393.97116249158,0.10558789
2019-12-09,2020-01-17,7875.0,P,51.1,52.5,1.8905,8379.51563,8393.97116249158,0.10558789
2019-12-09,2020-01-17,7900.0,C,545.09998,549.29999,1.8905,8379.51563,8393.97116249158,0.10558789
2019-12-09,2020-01-17,7900.0,P,54.1,55.3,1.8905,8379.51563,8393.97116249158,0.10558789
2019-12-09,2020-01-17,7925.0,C,523.5,527.79999,1.8905,8379.51563,8393.97116249158,0.10558789
2019-12-09,2020-01-17,7925.0,P,57.3,58.7,1.8905,8379.51563,8393.97116249158,0.10558789
2019-12-09,2020-01-17,7950.0,C,501.89999,506.0,1.8905,8379.51563,8393.97116249158,0.10558789
2019-12-09,2020-01-17,7950.0,P,60.7,61.9,1.8905,8379.51563,8393.97116249158,0.10558789
2019-12-09,2020-01-17,7975.0,C,480.60001,484.70001,1.8905,8379.51563,8393.97116249158,0.10558789
2019-12-09,2020-01-17,7975.0,P,64.3,65.6,1.8905,8379.51563,8393.97116249158,0.10558789
2019-12-09,2020-01-17,8000.0,C,459.39999,463.39999,1.8905,8379.51563,8393.97116249158,0.10558789
2019-12-09,2020-01-17,8000.0,P,68.0,69.4,1.8905,8379.51563,8393.97116249158,0.10558789
2019-12-09,2020-01-17,8025.0,C,438.29999,442.60001,1.8905,8379.51563,8393.97116249158,0.10558789
2019-12-09,2020-01-17,8025.0,P,72.0,73.4,1.8905,8379.51563,8393.97116249158,0.10558789
2019-12-09,2020-01-17,8050.0,C,417.89999,421.79999,1.8905,8379.51563,8393.97116249158,0.10558789
2019-12-09,2020-01-17,8050.0,P,76.3,77.7,1.8905,8379.51563,8393.97116249158,0.10558789
2019-12-09,2020-01-17,8075.0,C,397.29999,401.39999,1.8905,8379.51563,8393.97116249158,0.10558789
2019-12-09,2020-01-17,8075.0,P,80.7,82.1,1.8905,8379.51563,8393.97116249158,0.10558789
2019-12-09,2020-01-17,8100.0,C,377.20001,381.20001,1.8905,8379.51563,8393.97116249158,0.10558789
2019-12-09,2020-01-17,8100.0,P,85.4,86.8,1.8905,8379.51563,8393.97116249158,0.10558789
2019-12-09,2020-01-17,8125.0,C,357.29999,361.10001,1.8905,8379.51563,8393.97116249158,0.10558789
2019-12-09,2020-01-17,8125.0,P,90.4,91.9,1.8905,8379.51563,8393.97116249158,0.10558789
2019-12-09,2020-01-17,8150.0,C,337.70001,341.5,1.8905,8379.51563,8393.97116249158,0.10558789
2019-12-09,2020-01-17,8150.0,P,95.7,97.2,1.8905,8379.51563,8393.97116249158,0.10558789
2019-12-09,2020-01-17,8175.0,C,318.39999,322.20001,1.8905,8379.51563,8393.97116249158,0.10558789
2019-12-09,2020-01-17,8175.0,P,101.4,102.8,1.8905,8379.51563,8393.97116249158,0.10558789
2019-12-09,2020-01-17,8200.0,C,299.5,303.20001,1.8905,8379.51563,8393.97116249158,0.10558789
2019-12-09,2020-01-17,8200.0,P,107.4,108.8,1.8905,8379.51563,8393.97116249158,0.10558789
2019-12-09,2020-01-17,8225.0,C,281.0,284.29999,1.8905,8379.51563,8393.97116249158,0.10558789
2019-12-09,2020-01-17,8225.0,P,113.7,115.1,1.8905,8379.51563,8393.97116249158,0.10558789
2019-12-09,2020-01-17,8250.0,C,262.70001,266.20001,1.8905,8379.51563,8393.97116249158,0.10558789
2019-12-09,2020-01-17,8250.0,P,120.4,121.7,1.8905,8379.51563,8393.97116249158,0.10558789
2019-12-09,2020-01-17,8275.0,C,245.0,248.39999,1.8905,8379.51563,8393.97116249158,0.10558789
2019-12-09,2020-01-17,8275.0,P,127.2,128.8,1.8905,8379.51563,8393.97116249158,0.10558789
2019-12-09,2020-01-17,8300.0,C,228.0,230.7,1.8905,8379.51563,8393.97116249158,0.10558789
2019-12-09,2020-01-17,8300.0,P,134.7,136.3,1.8905,8379.51563,8393.97116249158,0.10558789
2019-12-09,2020-01-17,8325.0,C,210.7,213.7,1.8905,8379.51563,8393.97116249158,0.10558789
2019-12-09,2020-01-17,8325.0,P,142.60001,144.3,1.8905,8379.51563,8393.97116249158,0.10558789
2019-12-09,2020-01-17,8350.0,C,194.3,197.39999,1.8905,8379.51563,8393.97116249158,0.10558789
2019-12-09,2020-01-17,8350.0,P,151.10001,152.7,1.8905,8379.51563,8393.97116249158,0.10558789
2019-12-09,2020-01-17,8375.0,C,178.39999,181.2,1.8905,8379.51563,8393.97116249158,0.10558789
2019-12-09,2020-01-17,8375.0,P,160.0,161.7,1.8905,8379.51563,8393.97116249158,0.10558789
2019-12-09,2020-01-17,8400.0,C,163.10001,165.7,1.8905,8379.51563,8393.97116249158,0.10558789
2019-12-09,2020-01-17,8400.0,P,169.5,171.2,1.8905,8379.51563,8393.97116249158,0.10558789
2019-12-09,2020-01-17,8425.0,C,148.7,150.39999,1.8905,8379.51563,8393.97116249158,0.10558789
2019-12-09,2020-01-17,8425.0,P,179.10001,182.10001,1.8905,8379.51563,8393.97116249158,0.10558789
2019-12-09,2020-01-17,8450.0,C,134.60001,136.3,1.8905,8379.51563,8393.97116249158,0.10558789
2019-12-09,2020-01-17,8450.0,P,189.8,192.8,1.8905,8379.51563,8393.97116249158,0.10558789
2019-12-09,2020-01-17,8475.0,C,121.0,122.6,1.8905,8379.51563,8393.97116249158,0.10558789
2019-12-09,2020-01-17,8475.0,P,201.10001,204.5,1.8905,8379.51563,8393.97116249158,0.10558789
2019-12-09,2020-01-17,8500.0,C,108.2,109.8,1.8905,8379.51563,8393.97116249158,0.10558789
2019-12-09,2020-01-17,8500.0,P,213.5,216.7,1.8905,8379.51563,8393.97116249158,0.10558789
2019-12-09,2020-01-17,8525.0,C,96.2,97.7,1.8905,8379.51563,8393.97116249158,0.10558789
2019-12-09,2020-01-17,8525.0,P,226.39999,229.39999,1.8905,8379.51563,8393.97116249158,0.10558789
2019-12-09,2020-01-17,8550.0,C,84.9,86.4,1.8905,8379.51563,8393.97116249158,0.10558789
2019-12-09,2020-01-17,8550.0,P,239.7,243.39999,1.8905,8379.51563,8393.97116249158,0.10558789
2019-12-09,2020-01-17,8575.0,C,74.3,75.8,1.8905,8379.51563,8393.97116249158,0.10558789
2019-12-09,2020-01-17,8575.0,P,254.3,257.5,1.8905,8379.51563,8393.97116249158,0.10558789
2019-12-09,2020-01-17,8600.0,C,64.6,66.1,1.8905,8379.51563,8393.97116249158,0.10558789
2019-12-09,2020-01-17,8600.0,P,269.5,272.79999,1.8905,8379.51563,8393.97116249158,0.10558789
2019-12-09,2020-01-17,8625.0,C,55.8,57.2,1.8905,8379.51563,8393.97116249158,0.10558789
2019-12-09,2020-01-17,8625.0,P,285.39999,289.10001,1.8905,8379.51563,8393.97116249158,0.10558789
2019-12-09,2020-01-17,8650.0,C,48.0,49.1,1.8905,8379.51563,8393.97116249158,0.10558789
2019-12-09,2020-01-17,8650.0,P,301.89999,306.20001,1.8905,8379.51563,8393.97116249158,0.10558789
2019-12-09,2020-01-17,8675.0,C,40.5,41.9,1.8905,8379.51563,8393.97116249158,0.10558789
2019-12-09,2020-01-17,8675.0,P,320.0,324.0,1.8905,8379.51563,8393.97116249158,0.10558789
2019-12-09,2020-01-17,8700.0,C,34.2,35.4,1.8905,8379.51563,8393.97116249158,0.10558789
2019-12-09,2020-01-17,8700.0,P,338.39999,342.29999,1.8905,8379.51563,8393.97116249158,0.10558789
2019-12-09,2020-01-17,8725.0,C,28.6,29.8,1.8905,8379.51563,8393.97116249158,0.10558789
2019-12-09,2020-01-17,8725.0,P,357.70001,361.70001,1.8905,8379.51563,8393.97116249158,0.10558789
2019-12-09,2020-01-17,8750.0,C,23.7,24.9,1.8905,8379.51563,8393.97116249158,0.10558789
2019-12-09,2020-01-17,8750.0,P,377.79999,381.5,1.8905,8379.51563,8393.97116249158,0.10558789
2019-12-09,2020-01-17,8775.0,C,19.6,20.7,1.8905,8379.51563,8393.97116249158,0.10558789
2019-12-09,2020-01-17,8775.0,P,398.39999,402.5,1.8905,8379.51563,8393.97116249158,0.10558789
2019-12-09,2020-01-17,8800.0,C,16.0,17.1,1.8905,8379.51563,8393.97116249158,0.10558789
2019-12-09,2020-01-17,8800.0,P,419.70001,424.60001,1.8905,8379.51563,8393.97116249158,0.10558789
2019-12-09,2020-01-17,8825.0,C,13.0,14.0,1.8905,8379.51563,8393.97116249158,0.10558789
2019-12-09,2020-01-17,8850.0,C,10.5,11.5,1.8905,8379.51563,8393.97116249158,0.10558789
2019-12-09,2020-01-17,8875.0,C,8.5,9.4,1.8905,8379.51563,8393.97116249158,0.10558789
2019-12-09,2020-01-17,8900.0,C,7.2,7.7,1.8905,8379.51563,8393.97116249158,0.10558789
2019-12-09,2020-01-17,8925.0,C,5.5,6.3,1.8905,8379.51563,8393.97116249158,0.10558789
2019-12-09,2020-01-17,8950.0,C,4.5,5.2,1.8905,8379.51563,8393.97116249158,0.10558789
2019-12-09,2020-01-17,8975.0,C,3.6,4.2,1.8905,8379.51563,8393.97116249158,0.10558789
2019-12-09,2020-01-17,9000.0,C,2.95,3.5,1.8905,8379.51563,8393.97116249158,0.10558789
2019-12-09,2020-01-17,9025.0,C,2.35,2.9,1.8905,8379.51563,8393.97116249158,0.10558789
2019-12-09,2020-01-17,9050.0,C,1.95,2.45,1.8905,8379.51563,8393.97116249158,0.10558789
2019-12-09,2020-01-17,9075.0,C,1.55,2.05,1.8905,8379.51563,8393.97116249158,0.10558789
2019-12-09,2020-01-17,9100.0,C,1.25,1.75,1.8905,8379.51563,8393.97116249158,0.10558789
2019-12-09,2020-01-17,9125.0,C,1.0,1.55,1.8905,8379.51563,8393.97116249158,0.10558789
2019-12-09,2020-01-17,9150.0,C,0.8,1.35,1.8905,8379.51563,8393.97116249158,0.10558789
2019-12-09,2020-01-17,9175.0,C,0.65,1.2,1.8905,8379.51563,8393.97116249158,0.10558789
2019-12-09,2020-01-17,9200.0,C,0.5,1.05,1.8905,8379.51563,8393.97116249158,0.10558789
2019-12-09,2020-01-17,9225.0,C,0.4,0.95,1.8905,8379.51563,8393.97116249158,0.10558789
2019-12-09,2020-01-17,9250.0,C,0.35,0.85,1.8905,8379.51563,8393.97116249158,0.10558789
2019-12-09,2020-01-17,9275.0,C,0.25,0.75,1.8905,8379.51563,8393.97116249158,0.10558789
2019-12-09,2020-01-17,9300.0,C,0.2,0.7,1.8905,8379.51563,8393.97116249158,0.10558789
2019-12-09,2020-01-17,9325.0,C,0.15,0.65,1.8905,8379.51563,8393.97116249158,0.10558789
2019-12-09,2020-01-17,9350.0,C,0.1,0.6,1.8905,8379.51563,8393.97116249158,0.10558789
2019-12-09,2020-01-17,9375.0,C,0.1,0.55,1.8905,8379.51563,8393.97116249158,0.10558789
2019-12-09,2020-01-17,9400.0,C,0.05,0.5,1.8905,8379.51563,8393.97116249158,0.10558789
2019-12-09,2020-01-17,9425.0,C,0.05,0.45,1.8905,8379.51563,8393.97116249158,0.10558789
2019-12-09,2020-01-17,9450.0,C,0.0,0.45,1.8905,8379.51563,8393.97116249158,0.10558789
2019-12-09,2020-01-17,9475.0,C,0.0,0.4,1.8905,8379.51563,8393.97116249158,0.10558789
2019-12-09,2020-01-17,9500.0,C,0.0,0.4,1.8905,8379.51563,8393.97116249158,0.10558789
2019-12-09,2020-01-17,9600.0,C,0.0,0.35,1.8905,8379.51563,8393.97116249158,0.10558789
2019-12-09,2020-01-17,9800.0,C,0.05,0.3,1.8905,8379.51563,8393.97116249158,0.10558789
2019-12-09,2020-01-17,9900.0,C,0.0,0.3,1.8905,8379.51563,8393.97116249158,0.10558789
2019-12-09,2020-01-17,10000.0,C,0.0,0.25,1.8905,8379.51563,8393.97116249158,0.10558789
2019-12-09,2020-01-17,10100.0,C,0.0,0.25,1.8905,8379.51563,8393.97116249158,0.10558789
2019-12-09,2020-01-17,10200.0,C,0.0,0.25,1.8905,8379.51563,8393.97116249158,0.10558789
2019-12-10,2020-01-17,4000.0,C,4359.2998,4374.2998,1.8905,8359.60742,8374.98330550787,0.10283295
2019-12-10,2020-01-17,4000.0,P,0.0,0.3,1.8905,8359.60742,8374.98330550787,0.10283295
2019-12-10,2020-01-17,4100.0,C,4259.5,4274.2998,1.8905,8359.60742,8374.98330550787,0.10283295
2019-12-10,2020-01-17,4100.0,P,0.1,0.3,1.8905,8359.60742,8374.98330550787,0.10283295
2019-12-10,2020-01-17,4200.0,C,4160.7002,4174.0,1.8905,8359.60742,8374.98330550787,0.10283295
2019-12-10,2020-01-17,4200.0,P,0.0,0.3,1.8905,8359.60742,8374.98330550787,0.10283295
2019-12-10,2020-01-17,4300.0,C,4060.1001,4074.69995,1.8905,8359.60742,8374.98330550787,0.10283295
2019-12-10,2020-01-17,4300.0,P,0.0,0.3,1.8905,8359.60742,8374.98330550787,0.10283295
2019-12-10,2020-01-17,4400.0,C,3960.30005,3975.19995,1.8905,8359.60742,8374.98330550787,0.10283295
2019-12-10,2020-01-17,4400.0,P,0.0,0.3,1.8905,8359.60742,8374.98330550787,0.10283295
2019-12-10,2020-01-17,4500.0,C,3860.69995,3874.69995,1.8905,8359.60742,8374.98330550787,0.10283295
2019-12-10,2020-01-17,4500.0,P,0.1,0.35,1.8905,8359.60742,8374.98330550787,0.10283295
2019-12-10,2020-01-17,4600.0,C,3760.8999,3775.69995,1.8905,8359.60742,8374.98330550787,0.10283295
2019-12-10,2020-01-17,4600.0,P,0.0,0.35,1.8905,8359.60742,8374.98330550787,0.10283295
2019-12-10,2020-01-17,4700.0,C,3661.1001,3675.6001,1.8905,8359.60742,8374.98330550787,0.10283295
2019-12-10,2020-01-17,4700.0,P,0.0,0.35,1.8905,8359.60742,8374.98330550787,0.10283295
2019-12-10,2020-01-17,4800.0,C,3561.3999,3576.1001,1.8905,8359.60742,8374.98330550787,0.10283295
2019-12-10,2020-01-17,4800.0,P,0.0,0.4,1.8905,8359.60742,8374.98330550787,0.10283295
2019-12-10,2020-01-17,4900.0,C,3461.69995,3476.1001,1.8905,8359.60742,8374.98330550787,0.10283295
2019-12-10,2020-01-17,4900.0,P,0.0,0.45,1.8905,8359.60742,8374.98330550787,0.10283295
2019-12-10,2020-01-17,5000.0,C,3362.0,3376.69995,1.8905,8359.60742,8374.98330550787,0.10283295
2019-12-10,2020-01-17,5000.0,P,0.0,0.45,1.8905,8359.60742,8374.98330550787,0.10283295
2019-12-10,2020-01-17,5050.0,C,3312.1001,3326.6001,1.8905,8359.60742,8374.98330550787,0.10283295
2019-12-10,2020-01-17,5050.0,P,0.05,0.5,1.8905,8359.60742,8374.98330550787,0.10283295
2019-12-10,2020-01-17,5100.0,C,3262.30005,3277.0,1.8905,8359.60742,8374.98330550787,0.10283295
2019-12-10,2020-01-17,5100.0,P,0.05,0.5,1.8905,8359.60742,8374.98330550787,0.10283295
2019-12-10,2020-01-17,5150.0,C,3213.0,3227.0,1.8905,8359.60742,8374.98330550787,0.10283295
2019-12-10,2020-01-17,5150.0,P,0.1,0.55,1.8905,8359.60742,8374.98330550787,0.10283295
2019-12-10,2020-01-17,5200.0,C,3162.6001,3176.3999,1.8905,8359.60742,8374.98330550787,0.10283295
2019-12-10,2020-01-17,5200.0,P,0.15,0.55,1.8905,8359.60742,8374.98330550787,0.10283295
2019-12-10,2020-01-17,5250.0,C,3113.8999,3127.3999,1.8905,8359.60742,8374.98330550787,0.10283295
2019-12-10,2020-01-17,5250.0,P,0.15,0.6,1.8905,8359.60742,8374.98330550787,0.10283295
2019-12-10,2020-01-17,5300.0,C,3063.80005,3077.6001,1.8905,8359.60742,8374.98330550787,0.10283295
2019-12-10,2020-01-17,5300.0,P,0.2,0.65,1.8905,8359.60742,8374.98330550787,0.10283295
2019-12-10,2020-01-17,5350.0,C,3013.5,3027.69995,1.8905,8359.60742,8374.98330550787,0.10283295
2019-12-10,2020-01-17,5350.0,P,0.25,0.65,1.8905,8359.60742,8374.98330550787,0.10283295
2019-12-10,2020-01-17,5400.0,C,2963.69995,2977.19995,1.8905,8359.60742,8374.98330550787,0.10283295
2019-12-10,2020-01-17,5400.0,P,0.3,0.7,1.8905,8359.60742,8374.98330550787,0.10283295
2019-12-10,2020-01-17,5450.0,C,2913.3999,2927.30005,1.8905,8359.60742,8374.98330550787,0.10283295
2019-12-10,2020-01-17,5450.0,P,0.35,0.75,1.8905,8359.60742,8374.98330550787,0.10283295
2019-12-10,2020-01-17,5500.0,C,2864.6001,2878.19995,1.8905,8359.60742,8374.98330550787,0.10283295
2019-12-10,2020-01-17,5500.0,P,0.4,0.8,1.8905,8359.60742,8374.98330550787,0.10283295
2019-12-10,2020-01-17,5550.0,C,2813.80005,2827.5,1.8905,8359.60742,8374.98330550787,0.10283295
2019-12-10,2020-01-17,5550.0,P,0.45,0.85,1.8905,8359.60742,8374.98330550787,0.10283295
2019-12-10,2020-01-17,5600.0,C,2764.3999,2777.69995,1.8905,8359.60742,8374.98330550787,0.10283295
2019-12-10,2020-01-17,5600.0,P,0.5,0.9,1.8905,8359.60742,8374.98330550787,0.10283295
2019-12-10,2020-01-17,5650.0,C,2714.6001,2728.3999,1.8905,8359.60742,8374.98330550787,0.10283295
2019-12-10,2020-01-17,5650.0,P,0.55,1.0,1.8905,8359.60742,8374.98330550787,0.10283295
2019-12-10,2020-01-17,5700.0,C,2664.30005,2678.8999,1.8905,8359.60742,8374.98330550787,0.10283295
2019-12-10,2020-01-17,5700.0,P,0.65,1.05,1.8905,8359.60742,8374.98330550787,0.10283295
2019-12-10,2020-01-17,5750.0,C,2614.8999,2629.1001,1.8905,8359.60742,8374.98330550787,0.10283295
2019-12-10,2020-01-17,5750.0,P,0.7,1.15,1.8905,8359.60742,8374.98330550787,0.10283295
2019-12-10,2020-01-17,5800.0,C,2565.1001,2579.19995,1.8905,8359.60742,8374.98330550787,0.10283295
2019-12-10,2020-01-17,5800.0,P,0.8,1.2,1.8905,8359.60742,8374.98330550787,0.10283295
2019-12-10,2020-01-17,5850.0,C,2515.30005,2529.5,1.8905,8359.60742,8374.98330550787,0.10283295
2019-12-10,2020-01-17,5850.0,P,0.9,1.3,1.8905,8359.60742,8374.98330550787,0.10283295
2019-12-10,2020-01-17,5900.0,C,2465.6001,2478.80005,1.8905,8359.60742,8374.98330550787,0.10283295
2019-12-10,2020-01-17,5900.0,P,1.0,1.4,1.8905,8359.60742,8374.98330550787,0.10283295
2019-12-10,2020-01-17,5950.0,C,2415.80005,2429.8999,1.8905,8359.60742,8374.98330550787,0.10283295
2019-12-10,2020-01-17,5950.0,P,1.1,1.5,1.8905,8359.60742,8374.98330550787,0.10283295
2019-12-10,2020-01-17,6000.0,C,2366.0,2380.1001,1.8905,8359.60742,8374.98330550787,0.10283295
2019-12-10,2020-01-17,6000.0,P,1.2,1.6,1.8905,8359.60742,8374.98330550787,0.10283295
2019-12-10,2020-01-17,6025.0,C,2340.8999,2354.3999,1.8905,8359.60742,8374.98330550787,0.10283295
2019-12-10,2020-01-17,6025.0,P,1.25,1.7,1.8905,8359.60742,8374.98330550787,0.10283295
2019-12-10,2020-01-17,6050.0,C,2315.80005,2330.30005,1.8905,8359.60742,8374.98330550787,0.10283295
2019-12-10,2020-01-17,6050.0,P,1.3,1.75,1.8905,8359.60742,8374.98330550787,0.10283295
2019-12-10,2020-01-17,6075.0,C,2291.30005,2304.6001,1.8905,8359.60742,8374.98330550787,0.10283295
2019-12-10,2020-01-17,6075.0,P,1.35,1.8,1.8905,8359.60742,8374.98330550787,0.10283295
2019-12-10,2020-01-17,6100.0,C,2266.3999,2280.30005,1.8905,8359.60742,8374.98330550787,0.10283295
2019-12-10,2020-01-17,6100.0,P,1.45,1.9,1.8905,8359.60742,8374.98330550787,0.10283295
2019-12-10,2020-01-17,6125.0,C,2241.6001,2254.8999,1.8905,8359.60742,8374.98330550787,0.10283295
2019-12-10,2020-01-17,6125.0,P,1.5,1.95,1.8905,8359.60742,8374.98330550787,0.10283295
2019-12-10,2020-01-17,6150.0,C,2216.3999,2230.80005,1.8905,8359.60742,8374.98330550787,0.10283295
2019-12-10,2020-01-17,6150.0,P,1.55,2.0,1.8905,8359.60742,8374.98330550787,0.10283295
2019-12-10,2020-01-17,6175.0,C,2191.80005,2205.8999,1.8905,8359.60742,8374.98330550787,0.10283295
2019-12-10,2020-01-17,6175.0,P,1.65,2.1,1.8905,8359.60742,8374.98330550787,0.10283295
2019-12-10,2020-01-17,6200.0,C,2166.69995,2180.30005,1.8905,8359.60742,8374.98330550787,0.10283295
2019-12-10,2020-01-17,6200.0,P,1.7,2.2,1.8905,8359.60742,8374.98330550787,0.10283295
2019-12-10,2020-01-17,6225.0,C,2141.8999,2156.19995,1.8905,8359.60742,8374.98330550787,0.10283295
2019-12-10,2020-01-17,6225.0,P,1.8,2.25,1.8905,8359.60742,8374.98330550787,0.10283295
2019-12-10,2020-01-17,6250.0,C,2117.1001,2131.1001,1.8905,8359.60742,8374.98330550787,0.10283295
2019-12-10,2020-01-17,6250.0,P,1.85,2.35,1.8905,8359.60742,8374.98330550787,0.10283295
2019-12-10,2020-01-17,6275.0,C,2092.30005,2105.69995,1.8905,8359.60742,8374.98330550787,0.10283295
2019-12-10,2020-01-17,6275.0,P,1.95,2.45,1.8905,8359.60742,8374.98330550787,0.10283295
2019-12-10,2020-01-17,6300.0,C,2067.3999,2081.3999,1.8905,8359.60742,8374.98330550787,0.10283295
2019-12-10,2020-01-17,6300.0,P,2.05,2.55,1.8905,8359.60742,8374.98330550787,0.10283295
2019-12-10,2020-01-17,6325.0,C,2042.40002,2056.0,1.8905,8359.60742,8374.98330550787,0.10283295
2019-12-10,2020-01-17,6325.0,P,2.15,2.65,1.8905,8359.60742,8374.98330550787,0.10283295
2019-12-10,2020-01-17,6350.0,C,2018.59998,2031.90002,1.8905,8359.60742,8374.98330550787,0.10283295
2019-12-10,2020-01-17,6350.0,P,2.25,2.75,1.8905,8359.60742,8374.98330550787,0.10283295
2019-12-10,2020-01-17,6375.0,C,1992.69995,2007.09998,1.8905,8359.60742,8374.98330550787,0.10283295
2019-12-10,2020-01-17,6375.0,P,2.35,2.85,1.8905,8359.60742,8374.98330550787,0.10283295
2019-12-10,2020-01-17,6400.0,C,1967.90002,1981.5,1.8905,8359.60742,8374.98330550787,0.10283295
2019-12-10,2020-01-17,6400.0,P,2.45,2.95,1.8905,8359.60742,8374.98330550787,0.10283295
2019-12-10,2020-01-17,6425.0,C,1944.0,1956.69995,1.8905,8359.60742,8374.98330550787,0.10283295
2019-12-10,2020-01-17,6425.0,P,2.55,3.1,1.8905,8359.60742,8374.98330550787,0.10283295
2019-12-10,2020-01-17,6450.0,C,1918.40002,1932.40002,1.8905,8359.60742,8374.98330550787,0.10283295
2019-12-10,2020-01-17,6450.0,P,2.65,3.2,1.8905,8359.60742,8374.98330550787,0.10283295
2019-12-10,2020-01-17,6475.0,C,1893.59998,1907.90002,1.8905,8359.60742,8374.98330550787,0.10283295
2019-12-10,2020-01-17,6475.0,P,2.8,3.4,1.8905,8359.60742,8374.98330550787,0.10283295
2019-12-10,2020-01-17,6500.0,C,1869.69995,1883.09998,1.8905,8359.60742,8374.98330550787,0.10283295
2019-12-10,2020-01-17,6500.0,P,2.9,3.5,1.8905,8359.60742,8374.98330550787,0.10283295
2019-12-10,2020-01-17,6525.0,C,1844.0,1857.5,1.8905,8359.60742,8374.98330550787,0.10283295
2019-12-10,2020-01-17,6525.0,P,3.0,3.7,1.8905,8359.60742,8374.98330550787,0.10283295
2019-12-10,2020-01-17,6550.0,C,1819.80005,1832.69995,1.8905,8359.60742,8374.98330550787,0.10283295
2019-12-10,2020-01-17,6550.0,P,3.2,3.8,1.8905,8359.60742,8374.98330550787,0.10283295
2019-12-10,2020-01-17,6575.0,C,1795.30005,1808.69995,1.8905,8359.60742,8374.98330550787,0.10283295
2019-12-10,2020-01-17,6575.0,P,3.3,4.0,1.8905,8359.60742,8374.98330550787,0.10283295
2019-12-10,2020-01-17,6600.0,C,1769.59998,1783.19995,1.8905,8359.60742,8374.98330550787,0.10283295
2019-12-10,2020-01-17,6600.0,P,3.5,4.2,1.8905,8359.60742,8374.98330550787,0.10283295
2019-12-10,2020-01-17,6625.0,C,1744.69995,1759.19995,1.8905,8359.60742,8374.98330550787,0.10283295
2019-12-10,2020-01-17,6625.0,P,3.7,4.3,1.8905,8359.60742,8374.98330550787,0.10283295
2019-12-10,2020-01-17,6650.0,C,1719.90002,1734.40002,1.8905,8359.60742,8374.98330550787,0.10283295
2019-12-10,2020-01-17,6650.0,P,3.8,4.5,1.8905,8359.60742,8374.98330550787,0.10283295
2019-12-10,2020-01-17,6675.0,C,1695.19995,1709.69995,1.8905,8359.60742,8374.98330550787,0.10283295
2019-12-10,2020-01-17,6675.0,P,4.0,4.7,1.8905,8359.60742,8374.98330550787,0.10283295
2019-12-10,2020-01-17,6700.0,C,1671.30005,1684.90002,1.8905,8359.60742,8374.98330550787,0.10283295
2019-12-10,2020-01-17,6700.0,P,4.3,5.0,1.8905,8359.60742,8374.98330550787,0.10283295
2019-12-10,2020-01-17,6725.0,C,1645.40002,1659.40002,1.8905,8359.60742,8374.98330550787,0.10283295
2019-12-10,2020-01-17,6725.0,P,4.5,5.2,1.8905,8359.60742,8374.98330550787,0.10283295
2019-12-10,2020-01-17,6750.0,C,1619.80005,1634.80005,1.8905,8359.60742,8374.98330550787,0.10283295
2019-12-10,2020-01-17,6750.0,P,4.7,5.4,1.8905,8359.60742,8374.98330550787,0.10283295
2019-12-10,2020-01-17,6775.0,C,1596.09998,1610.0,1.8905,8359.60742,8374.98330550787,0.10283295
2019-12-10,2020-01-17,6775.0,P,4.9,5.7,1.8905,8359.60742,8374.98330550787,0.10283295
2019-12-10,2020-01-17,6800.0,C,1571.59998,1585.30005,1.8905,8359.60742,8374.98330550787,0.10283295
2019-12-10,2020-01-17,6800.0,P,5.2,5.9,1.8905,8359.60742,8374.98330550787,0.10283295
2019-12-10,2020-01-17,6825.0,C,1547.5,1560.59998,1.8905,8359.60742,8374.98330550787,0.10283295
2019-12-10,2020-01-17,6825.0,P,5.5,6.2,1.8905,8359.60742,8374.98330550787,0.10283295
2019-12-10,2020-01-17,6850.0,C,1521.69995,1536.80005,1.8905,8359.60742,8374.98330550787,0.10283295
2019-12-10,2020-01-17,6850.0,P,5.7,6.5,1.8905,8359.60742,8374.98330550787,0.10283295
2019-12-10,2020-01-17,6875.0,C,1497.59998,1512.09998,1.8905,8359.60742,8374.98330550787,0.10283295
2019-12-10,2020-01-17,6875.0,P,6.0,6.8,1.8905,8359.60742,8374.98330550787,0.10283295
2019-12-10,2020-01-17,6900.0,C,1472.5,1487.40002,1.8905,8359.60742,8374.98330550787,0.10283295
2019-12-10,2020-01-17,6900.0,P,6.4,7.1,1.8905,8359.60742,8374.98330550787,0.10283295
2019-12-10,2020-01-17,6925.0,C,1448.0,1462.80005,1.8905,8359.60742,8374.98330550787,0.10283295
2019-12-10,2020-01-17,6925.0,P,6.7,7.5,1.8905,8359.60742,8374.98330550787,0.10283295
2019-12-10,2020-01-17,6950.0,C,1423.40002,1438.30005,1.8905,8359.60742,8374.98330550787,0.10283295
2019-12-10,2020-01-17,6950.0,P,7.0,7.8,1.8905,8359.60742,8374.98330550787,0.10283295
2019-12-10,2020-01-17,6975.0,C,1398.80005,1412.90002,1.8905,8359.60742,8374.98330550787,0.10283295
2019-12-10,2020-01-17,6975.0,P,7.4,8.2,1.8905,8359.60742,8374.98330550787,0.10283295
2019-12-10,2020-01-17,7000.0,C,1374.19995,1388.40002,1.8905,8359.60742,8374.98330550787,0.10283295
2019-12-10,2020-01-17,7000.0,P,7.8,8.6,1.8905,8359.60742,8374.98330550787,0.10283295
2019-12-10,2020-01-17,7025.0,C,1353.0,1358.40002,1.8905,8359.60742,8374.98330550787,0.10283295
2019-12-10,2020-01-17,7025.0,P,8.2,9.0,1.8905,8359.60742,8374.98330550787,0.10283295
2019-12-10,2020-01-17,7050.0,C,1328.5,1333.90002,1.8905,8359.60742,8374.98330550787,0.10283295
2019-12-10,2020-01-17,7050.0,P,8.7,9.5,1.8905,8359.60742,8374.98330550787,0.10283295
2019-12-10,2020-01-17,7075.0,C,1304.09998,1309.40002,1.8905,8359.60742,8374.98330550787,0.10283295
2019-12-10,2020-01-17,7075.0,P,9.2,10.0,1.8905,8359.60742,8374.98330550787,0.10283295
2019-12-10,2020-01-17,7100.0,C,1279.59998,1285.0,1.8905,8359.60742,8374.98330550787,0.10283295
2019-12-10,2020-01-17,7100.0,P,9.7,10.5,1.8905,8359.60742,8374.98330550787,0.10283295
2019-12-10,2020-01-17,7125.0,C,1255.19995,1260.59998,1.8905,8359.60742,8374.98330550787,0.10283295
2019-12-10,2020-01-17,7125.0,P,10.2,11.0,1.8905,8359.60742,8374.98330550787,0.10283295
2019-12-10,2020-01-17,7150.0,C,1230.80005,1236.19995,1.8905,8359.60742,8374.98330550787,0.10283295
2019-12-10,2020-01-17,7150.0,P,10.7,11.6,1.8905,8359.60742,8374.98330550787,0.10283295
2019-12-10,2020-01-17,7175.0,C,1206.5,1211.80005,1.8905,8359.60742,8374.98330550787,0.10283295
2019-12-10,2020-01-17,7175.0,P,11.3,12.2,1.8905,8359.60742,8374.98330550787,0.10283295
2019-12-10,2020-01-17,7200.0,C,1182.19995,1187.5,1.8905,8359.60742,8374.98330550787,0.10283295
2019-12-10,2020-01-17,7200.0,P,11.9,12.8,1.8905,8359.60742,8374.98330550787,0.10283295
2019-12-10,2020-01-17,7225.0,C,1157.90002,1163.19995,1.8905,8359.60742,8374.98330550787,0.10283295
2019-12-10,2020-01-17,7225.0,P,12.6,13.5,1.8905,8359.60742,8374.98330550787,0.10283295
2019-12-10,2020-01-17,7250.0,C,1133.69995,1139.0,1.8905,8359.60742,8374.98330550787,0.10283295
2019-12-10,2020-01-17,7250.0,P,13.3,14.2,1.8905,8359.60742,8374.98330550787,0.10283295
2019-12-10,2020-01-17,7275.0,C,1109.5,1114.80005,1.8905,8359.60742,8374.98330550787,0.10283295
2019-12-10,2020-01-17,7275.0,P,14.0,14.9,1.8905,8359.60742,8374.98330550787,0.10283295
2019-12-10,2020-01-17,7300.0,C,1085.40002,1090.59998,1.8905,8359.60742,8374.98330550787,0.10283295
2019-12-10,2020-01-17,7300.0,P,14.8,15.7,1.8905,8359.60742,8374.98330550787,0.10283295
2019-12-10,2020-01-17,7325.0,C,1061.30005,1066.5,1.8905,8359.60742,8374.98330550787,0.10283295
2019-12-10,2020-01-17,7325.0,P,15.6,16.6,1.8905,8359.60742,8374.98330550787,0.10283295
2019-12-10,2020-01-17,7350.0,C,1037.19995,1042.40002,1.8905,8359.60742,8374.98330550787,0.10283295
2019-12-10,2020-01-17,7350.0,P,16.5,17.5,1.8905,8359.60742,8374.98330550787,0.10283295
2019-12-10,2020-01-17,7375.0,C,1013.20001,1018.40002,1.8905,8359.60742,8374.98330550787,0.10283295
2019-12-10,2020-01-17,7375.0,P,17.5,18.4,1.8905,8359.60742,8374.98330550787,0.10283295
2019-12-10,2020-01-17,7400.0,C,989.29999,994.5,1.8905,8359.60742,8374.98330550787,0.10283295
2019-12-10,2020-01-17,7400.0,P,18.4,19.4,1.8905,8359.60742,8374.98330550787,0.10283295
2019-12-10,2020-01-17,7425.0,C,965.40002,970.59998,1.8905,8359.60742,8374.98330550787,0.10283295
2019-12-10,2020-01-17,7425.0,P,19.5,20.5,1.8905,8359.60742,8374.98330550787,0.10283295
2019-12-10,2020-01-17,7450.0,C,941.59998,946.79999,1.8905,8359.60742,8374.98330550787,0.10283295
2019-12-10,2020-01-17,7450.0,P,20.6,21.6,1.8905,8359.60742,8374.98330550787,0.10283295
2019-12-10,2020-01-17,7475.0,C,917.79999,923.0,1.8905,8359.60742,8374.98330550787,0.10283295
2019-12-10,2020-01-17,7475.0,P,21.8,22.8,1.8905,8359.60742,8374.98330550787,0.10283295
2019-12-10,2020-01-17,7500.0,C,894.20001,899.29999,1.8905,8359.60742,8374.98330550787,0.10283295
2019-12-10,2020-01-17,7500.0,P,23.1,24.1,1.8905,8359.60742,8374.98330550787,0.10283295
2019-12-10,2020-01-17,7525.0,C,870.5,875.70001,1.8905,8359.60742,8374.98330550787,0.10283295
2019-12-10,2020-01-17,7525.0,P,24.4,25.4,1.8905,8359.60742,8374.98330550787,0.10283295
2019-12-10,2020-01-17,7550.0,C,847.0,852.09998,1.8905,8359.60742,8374.98330550787,0.10283295
2019-12-10,2020-01-17,7550.0,P,25.8,26.8,1.8905,8359.60742,8374.98330550787,0.10283295
2019-12-10,2020-01-17,7575.0,C,823.5,828.59998,1.8905,8359.60742,8374.98330550787,0.10283295
2019-12-10,2020-01-17,7575.0,P,27.2,28.3,1.8905,8359.60742,8374.98330550787,0.10283295
2019-12-10,2020-01-17,7600.0,C,800.20001,805.20001,1.8905,8359.60742,8374.98330550787,0.10283295
2019-12-10,2020-01-17,7600.0,P,28.8,29.9,1.8905,8359.60742,8374.98330550787,0.10283295
2019-12-10,2020-01-17,7625.0,C,776.90002,781.90002,1.8905,8359.60742,8374.98330550787,0.10283295
2019-12-10,2020-01-17,7625.0,P,30.5,31.6,1.8905,8359.60742,8374.98330550787,0.10283295
2019-12-10,2020-01-17,7650.0,C,753.70001,758.70001,1.8905,8359.60742,8374.98330550787,0.10283295
2019-12-10,2020-01-17,7650.0,P,32.2,33.4,1.8905,8359.60742,8374.98330550787,0.10283295
2019-12-10,2020-01-17,7675.0,C,730.59998,735.59998,1.8905,8359.60742,8374.98330550787,0.10283295
2019-12-10,2020-01-17,7675.0,P,34.1,35.2,1.8905,8359.60742,8374.98330550787,0.10283295
2019-12-10,2020-01-17,7700.0,C,707.70001,712.59998,1.8905,8359.60742,8374.98330550787,0.10283295
2019-12-10,2020-01-17,7700.0,P,36.1,37.3,1.8905,8359.60742,8374.98330550787,0.10283295
2019-12-10,2020-01-17,7725.0,C,684.79999,689.79999,1.8905,8359.60742,8374.98330550787,0.10283295
2019-12-10,2020-01-17,7725.0,P,38.2,39.3,1.8905,8359.60742,8374.98330550787,0.10283295
2019-12-10,2020-01-17,7750.0,C,662.09998,667.0,1.8905,8359.60742,8374.98330550787,0.10283295
2019-12-10,2020-01-17,7750.0,P,40.4,41.6,1.8905,8359.60742,8374.98330550787,0.10283295
2019-12-10,2020-01-17,7775.0,C,639.40002,644.5,1.8905,8359.60742,8374.98330550787,0.10283295
2019-12-10,2020-01-17,7775.0,P,42.7,43.9,1.8905,8359.60742,8374.98330550787,0.10283295
2019-12-10,2020-01-17,7800.0,C,617.09998,622.0,1.8905,8359.60742,8374.98330550787,0.10283295
2019-12-10,2020-01-17,7800.0,P,45.2,46.5,1.8905,8359.60742,8374.98330550787,0.10283295
2019-12-10,2020-01-17,7825.0,C,594.79999,599.59998,1.8905,8359.60742,8374.98330550787,0.10283295
2019-12-10,2020-01-17,7825.0,P,47.8,49.1,1.8905,8359.60742,8374.98330550787,0.10283295
2019-12-10,2020-01-17,7850.0,C,572.70001,577.40002,1.8905,8359.60742,8374.98330550787,0.10283295
2019-12-10,2020-01-17,7850.0,P,50.7,52.0,1.8905,8359.60742,8374.98330550787,0.10283295
2019-12-10,2020-01-17,7875.0,C,550.79999,555.5,1.8905,8359.60742,8374.98330550787,0.10283295
2019-12-10,2020-01-17,7875.0,P,53.6,55.0,1.8905,8359.60742,8374.98330550787,0.10283295
2019-12-10,2020-01-17,7900.0,C,529.0,533.59998,1.8905,8359.60742,8374.98330550787,0.10283295
2019-12-10,2020-01-17,7900.0,P,56.8,58.1,1.8905,8359.60742,8374.98330550787,0.10283295
2019-12-10,2020-01-17,7925.0,C,507.39999,511.89999,1.8905,8359.60742,8374.98330550787,0.10283295
2019-12-10,2020-01-17,7925.0,P,60.1,61.4,1.8905,8359.60742,8374.98330550787,0.10283295
2019-12-10,2020-01-17,7950.0,C,486.0,490.5,1.8905,8359.60742,8374.98330550787,0.10283295
2019-12-10,2020-01-17,7950.0,P,63.6,64.9,1.8905,8359.60742,8374.98330550787,0.10283295
2019-12-10,2020-01-17,7975.0,C,464.89999,469.29999,1.8905,8359.60742,8374.98330550787,0.10283295
2019-12-10,2020-01-17,7975.0,P,67.4,68.7,1.8905,8359.60742,8374.98330550787,0.10283295
2019-12-10,2020-01-17,8000.0,C,444.10001,448.20001,1.8905,8359.60742,8374.98330550787,0.10283295
2019-12-10,2020-01-17,8000.0,P,71.3,72.6,1.8905,8359.60742,8374.98330550787,0.10283295
2019-12-10,2020-01-17,8025.0,C,423.10001,427.5,1.8905,8359.60742,8374.98330550787,0.10283295
2019-12-10,2020-01-17,8025.0,P,75.5,76.9,1.8905,8359.60742,8374.98330550787,0.10283295
2019-12-10,2020-01-17,8050.0,C,402.70001,406.89999,1.8905,8359.60742,8374.98330550787,0.10283295
2019-12-10,2020-01-17,8050.0,P,80.0,81.3,1.8905,8359.60742,8374.98330550787,0.10283295
2019-12-10,2020-01-17,8075.0,C,382.5,386.89999,1.8905,8359.60742,8374.98330550787,0.10283295
2019-12-10,2020-01-17,8075.0,P,84.6,86.0,1.8905,8359.60742,8374.98330550787,0.10283295
2019-12-10,2020-01-17,8100.0,C,362.60001,366.70001,1.8905,8359.60742,8374.98330550787,0.10283295
2019-12-10,2020-01-17,8100.0,P,89.6,91.0,1.8905,8359.60742,8374.98330550787,0.10283295
2019-12-10,2020-01-17,8125.0,C,342.89999,347.0,1.8905,8359.60742,8374.98330550787,0.10283295
2019-12-10,2020-01-17,8125.0,P,94.9,96.3,1.8905,8359.60742,8374.98330550787,0.10283295
2019-12-10,2020-01-17,8150.0,C,323.60001,327.60001,1.8905,8359.60742,8374.98330550787,0.10283295
2019-12-10,2020-01-17,8150.0,P,100.5,101.9,1.8905,8359.60742,8374.98330550787,0.10283295
2019-12-10,2020-01-17,8175.0,C,304.70001,308.5,1.8905,8359.60742,8374.98330550787,0.10283295
2019-12-10,2020-01-17,8175.0,P,106.4,107.8,1.8905,8359.60742,8374.98330550787,0.10283295
2019-12-10,2020-01-17,8200.0,C,286.10001,289.89999,1.8905,8359.60742,8374.98330550787,0.10283295
2019-12-10,2020-01-17,8200.0,P,112.7,114.1,1.8905,8359.60742,8374.98330550787,0.10283295
2019-12-10,2020-01-17,8225.0,C,267.79999,271.5,1.8905,8359.60742,8374.98330550787,0.10283295
2019-12-10,2020-01-17,8225.0,P,119.3,120.8,1.8905,8359.60742,8374.98330550787,0.10283295
2019-12-10,2020-01-17,8250.0,C,249.89999,253.60001,1.8905,8359.60742,8374.98330550787,0.10283295
2019-12-10,2020-01-17,8250.0,P,126.3,127.8,1.8905,8359.60742,8374.98330550787,0.10283295
2019-12-10,2020-01-17,8275.0,C,232.5,236.10001,1.8905,8359.60742,8374.98330550787,0.10283295
2019-12-10,2020-01-17,8275.0,P,133.8,135.3,1.8905,8359.60742,8374.98330550787,0.10283295
2019-12-10,2020-01-17,8300.0,C,215.5,219.0,1.8905,8359.60742,8374.98330550787,0.10283295
2019-12-10,2020-01-17,8300.0,P,141.7,143.3,1.8905,8359.60742,8374.98330550787,0.10283295
2019-12-10,2020-01-17,8325.0,C,199.0,202.39999,1.8905,8359.60742,8374.98330550787,0.10283295
2019-12-10,2020-01-17,8325.0,P,150.10001,151.7,1.8905,8359.60742,8374.98330550787,0.10283295
2019-12-10,2020-01-17,8350.0,C,183.10001,186.3,1.8905,8359.60742,8374.98330550787,0.10283295
2019-12-10,2020-01-17,8350.0,P,158.89999,160.5,1.8905,8359.60742,8374.98330550787,0.10283295
2019-12-10,2020-01-17,8375.0,C,167.5,170.7,1.8905,8359.60742,8374.98330550787,0.10283295
2019-12-10,2020-01-17,8375.0,P,168.3,169.89999,1.8905,8359.60742,8374.98330550787,0.10283295
2019-12-10,2020-01-17,8400.0,C,153.2,154.89999,1.8905,8359.60742,8374.98330550787,0.10283295
2019-12-10,2020-01-17,8400.0,P,177.3,180.89999,1.8905,8359.60742,8374.98330550787,0.10283295
2019-12-10,2020-01-17,8425.0,C,138.89999,140.5,1.8905,8359.60742,8374.98330550787,0.10283295
2019-12-10,2020-01-17,8425.0,P,187.8,191.5,1.8905,8359.60742,8374.98330550787,0.10283295
2019-12-10,2020-01-17,8450.0,C,125.0,126.7,1.8905,8359.60742,8374.98330550787,0.10283295
2019-12-10,2020-01-17,8450.0,P,199.2,202.39999,1.8905,8359.60742,8374.98330550787,0.10283295
2019-12-10,2020-01-17,8475.0,C,112.0,113.6,1.8905,8359.60742,8374.98330550787,0.10283295
2019-12-10,2020-01-17,8475.0,P,210.8,214.8,1.8905,8359.60742,8374.98330550787,0.10283295
2019-12-10,2020-01-17,8500.0,C,99.7,101.2,1.8905,8359.60742,8374.98330550787,0.10283295
2019-12-10,2020-01-17,8500.0,P,223.39999,227.5,1.8905,8359.60742,8374.98330550787,0.10283295
2019-12-10,2020-01-17,8525.0,C,88.1,89.6,1.8905,8359.60742,8374.98330550787,0.10283295
2019-12-10,2020-01-17,8525.0,P,236.8,240.2,1.8905,8359.60742,8374.98330550787,0.10283295
2019-12-10,2020-01-17,8550.0,C,77.3,78.8,1.8905,8359.60742,8374.98330550787,0.10283295
2019-12-10,2020-01-17,8550.0,P,250.8,255.10001,1.8905,8359.60742,8374.98330550787,0.10283295
2019-12-10,2020-01-17,8575.0,C,67.5,68.9,1.8905,8359.60742,8374.98330550787,0.10283295
2019-12-10,2020-01-17,8575.0,P,265.60001,270.10001,1.8905,8359.60742,8374.98330550787,0.10283295
2019-12-10,2020-01-17,8600.0,C,58.3,59.7,1.8905,8359.60742,8374.98330550787,0.10283295
2019-12-10,2020-01-17,8600.0,P,281.29999,285.89999,1.8905,8359.60742,8374.98330550787,0.10283295
2019-12-10,2020-01-17,8625.0,C,50.1,51.4,1.8905,8359.60742,8374.98330550787,0.10283295
2019-12-10,2020-01-17,8625.0,P,297.89999,302.60001,1.8905,8359.60742,8374.98330550787,0.10283295
2019-12-10,2020-01-17,8650.0,C,42.6,44.0,1.8905,8359.60742,8374.98330550787,0.10283295
2019-12-10,2020-01-17,8650.0,P,315.20001,320.10001,1.8905,8359.60742,8374.98330550787,0.10283295
2019-12-10,2020-01-17,8675.0,C,36.0,37.3,1.8905,8359.60742,8374.98330550787,0.10283295
2019-12-10,2020-01-17,8675.0,P,333.39999,338.39999,1.8905,8359.60742,8374.98330550787,0.10283295
2019-12-10,2020-01-17,8700.0,C,30.1,31.2,1.8905,8359.60742,8374.98330550787,0.10283295
2019-12-10,2020-01-17,8700.0,P,352.39999,357.39999,1.8905,8359.60742,8374.98330550787,0.10283295
2019-12-10,2020-01-17,8725.0,C,25.0,26.2,1.8905,8359.60742,8374.98330550787,0.10283295
2019-12-10,2020-01-17,8725.0,P,372.29999,377.20001,1.8905,8359.60742,8374.98330550787,0.10283295
2019-12-10,2020-01-17,8750.0,C,20.6,21.8,1.8905,8359.60742,8374.98330550787,0.10283295
2019-12-10,2020-01-17,8750.0,P,392.79999,397.79999,1.8905,8359.60742,8374.98330550787,0.10283295
2019-12-10,2020-01-17,8775.0,C,16.9,18.0,1.8905,8359.60742,8374.98330550787,0.10283295
2019-12-10,2020-01-17,8775.0,P,413.89999,419.0,1.8905,8359.60742,8374.98330550787,0.10283295
2019-12-10,2020-01-17,8800.0,C,13.7,14.8,1.8905,8359.60742,8374.98330550787,0.10283295
2019-12-10,2020-01-17,8825.0,C,11.1,12.1,1.8905,8359.60742,8374.98330550787,0.10283295
2019-12-10,2020-01-17,8850.0,C,8.9,9.9,1.8905,8359.60742,8374.98330550787,0.10283295
2019-12-10,2020-01-17,8875.0,C,7.2,8.0,1.8905,8359.60742,8374.98330550787,0.10283295
2019-12-10,2020-01-17,8900.0,C,5.7,6.5,1.8905,8359.60742,8374.98330550787,0.10283295
2019-12-10,2020-01-17,8925.0,C,4.5,5.3,1.8905,8359.60742,8374.98330550787,0.10283295
2019-12-10,2020-01-17,8950.0,C,3.7,4.3,1.8905,8359.60742,8374.98330550787,0.10283295
2019-12-10,2020-01-17,8975.0,C,3.0,3.6,1.8905,8359.60742,8374.98330550787,0.10283295
2019-12-10,2020-01-17,9000.0,C,2.45,2.95,1.8905,8359.60742,8374.98330550787,0.10283295
2019-12-10,2020-01-17,9025.0,C,2.0,2.45,1.8905,8359.60742,8374.98330550787,0.10283295
2019-12-10,2020-01-17,9050.0,C,1.6,2.05,1.8905,8359.60742,8374.98330550787,0.10283295
2019-12-10,2020-01-17,9075.0,C,1.3,1.75,1.8905,8359.60742,8374.98330550787,0.10283295
2019-12-10,2020-01-17,9100.0,C,1.05,1.5,1.8905,8359.60742,8374.98330550787,0.10283295
2019-12-10,2020-01-17,9125.0,C,0.85,1.3,1.8905,8359.60742,8374.98330550787,0.10283295
2019-12-10,2020-01-17,9150.0,C,0.7,1.15,1.8905,8359.60742,8374.98330550787,0.10283295
2019-12-10,2020-01-17,9175.0,C,0.55,1.05,1.8905,8359.60742,8374.98330550787,0.10283295
2019-12-10,2020-01-17,9200.0,C,0.45,0.95,1.8905,8359.60742,8374.98330550787,0.10283295
2019-12-10,2020-01-17,9225.0,C,0.35,0.85,1.8905,8359.60742,8374.98330550787,0.10283295
2019-12-10,2020-01-17,9250.0,C,0.3,0.75,1.8905,8359.60742,8374.98330550787,0.10283295
2019-12-10,2020-01-17,9275.0,C,0.2,0.7,1.8905,8359.60742,8374.98330550787,0.10283295
2019-12-10,2020-01-17,9300.0,C,0.15,0.65,1.8905,8359.60742,8374.98330550787,0.10283295
2019-12-10,2020-01-17,9325.0,C,0.1,0.55,1.8905,8359.60742,8374.98330550787,0.10283295
2019-12-10,2020-01-17,9350.0,C,0.1,0.5,1.8905,8359.60742,8374.98330550787,0.10283295
2019-12-10,2020-01-17,9375.0,C,0.05,0.5,1.8905,8359.60742,8374.98330550787,0.10283295
2019-12-10,2020-01-17,9400.0,C,0.0,0.45,1.8905,8359.60742,8374.98330550787,0.10283295
2019-12-10,2020-01-17,9425.0,C,0.0,0.4,1.8905,8359.60742,8374.98330550787,0.10283295
2019-12-10,2020-01-17,9450.0,C,0.0,0.4,1.8905,8359.60742,8374.98330550787,0.10283295
2019-12-10,2020-01-17,9475.0,C,0.0,0.4,1.8905,8359.60742,8374.98330550787,0.10283295
2019-12-10,2020-01-17,9500.0,C,0.0,0.35,1.8905,8359.60742,8374.98330550787,0.10283295
2019-12-10,2020-01-17,9600.0,C,0.0,0.3,1.8905,8359.60742,8374.98330550787,0.10283295
2019-12-10,2020-01-17,9800.0,C,0.05,0.3,1.8905,8359.60742,8374.98330550787,0.10283295
2019-12-10,2020-01-17,9900.0,C,0.0,0.25,1.8905,8359.60742,8374.98330550787,0.10283295
2019-12-10,2020-01-17,10000.0,C,0.0,0.25,1.8905,8359.60742,8374.98330550787,0.10283295
2019-12-10,2020-01-17,10100.0,C,0.0,0.25,1.8905,8359.60742,8374.98330550787,0.10283295
2019-12-10,2020-01-17,10200.0,C,0.0,0.25,1.8905,8359.60742,8374.98330550787,0.10283295
